WP_011306053.1;Archaea;Methanosarcina barkeri;NrdD;NrdDa;794;90511.30000000002;26165.774567278302;-10.000000000000005;-0.00038217863470036692;188.0
WP_089309354.1;Archaea;Halorubrum;NrdA;NrdAi;564;64246.0;20373.619811970322;-43.0;-0.0021105724165293282;131.0
WP_049994435.1;Archaea;Halapricum salinum;NrdJ;NrdJuc;1412;156766.40000000002;39072.862468784071;-186.99999999999997;-0.0047859303922101236;314.0
WP_048041546.1;Archaea;Methanosarcina mazei;NrdD;NrdDa;794;90147.50000000001;26088.958451877792;-8.000000000000009;-0.00030664313467156437;187.0
WP_006054632.1;Archaea;Halogeometricum borinquense;NrdB;NrdBz;330;38080.99999999999;13907.77451263345;-41.99999999999999;-0.0030198936545777553;83.99999999999999
WP_049930231.1;Archaea;Halorubrum ezzemoulense;NrdJ;NrdJuc;1051;114770.3;31118.316723627435;-134.0;-0.0043061455151993111;221.99999999999997
WP_013604018.1;Archaea;Vulcanisaeta moutnovskia;NrdJ;NrdJp;1312;148549.1;37566.92671610356;1.0000000000000009;2.6619159122519801e-05;354.0
WP_083838700.1;Archaea;Methanofollis liminatans;NrdD;NrdDa;708;80239.50000000001;23963.152165088675;-13.000000000000004;-0.00054249958062442983;171.0
WP_013719323.1;Archaea;Methanothrix soehngenii;NrdJ;NrdJp;676;74658.3;22734.612695099193;-2.00000000000001;-8.7971588820210785e-05;187.00000000000003
WP_067145094.1;Archaea;Methanobrevibacter olleyae;NrdD;NrdDa;770;87102.7;25442.725371074957;-27.999999999999993;-0.0011005110337681168;185.0
WP_089810271.1;Archaea;Halogeometricum rufum;NrdA;NrdAz;836;93959.1;26889.697007018349;-79.0;-0.0029379282324892169;174.99999999999997
WP_066075131.1;Archaea;methanogenic archaeon ISO4-H5;NrdJ;NrdJk;751;83807.49999999999;24736.431952187824;-12.999999999999995;-0.00052554062870211978;178.0
WP_075936219.1;Archaea;Natronomonas sp. CBA1134;NrdA;NrdAi;564;64426.30000000001;20415.342887743522;-43.0;-0.0021062590149203576;132.0
WP_013193597.1;Archaea;Methanohalobium evestigatum;NrdD;NrdDa;776;88184.09999999999;25672.931313910947;-32.99999999999999;-0.001285400548791982;182.99999999999997
WP_089671763.1;Archaea;Halohasta litchfieldiae;NrdJ;NrdJuc;1048;115820.9;31326.004952687545;-126.0;-0.0040222173299883273;221.0
WP_020448789.1;Archaea;Candidatus Methanomassiliicoccus intestinalis;NrdD;NrdDa;698;78482.7;23579.007594042079;-5.999999999999997;-0.00025446363576031383;172.0
WP_066380002.1;Archaea;Halalkalicoccus paucihalophilus;NrdB;NrdBz;330;38614.4;14049.715559750728;-45.0;-0.0032029118175826185;85.0
WP_058938261.1;Archaea;Thermococcus celericrescens;NrdD;NrdDi;614;70928.3;21899.733080560462;-11.999999999999996;-0.00054795188397304838;150.0
WP_088867393.1;Archaea;Thermococcus radiotolerans;NrdJ;NrdJp;909;103722.8;28902.056044581903;-12.000000000000007;-0.00041519537507953783;241.99999999999997
WP_014556498.1;Archaea;Haloquadratum walsbyi;NrdJ;NrdJuc;1909;210751.19999999998;48494.522836882963;-205.00000000000003;-0.0042272815156784134;418.0
WP_006671010.1;Archaea;Halobiforma nitratireducens;NrdJ;NrdJuc;1038;114933.50000000001;31150.61253997789;-140.0;-0.0044942936457614633;223.99999999999997
WP_006169325.1;Archaea;Natrialba chahannaoensis;NrdA;NrdAz;816;92665.0;26618.834276024718;-77.0;-0.0028926886580210999;180.00000000000003
WP_007977105.1;Archaea;Haladaptatus paucihalophilus;NrdA;NrdAz;815;92660.70000000001;26617.932565084855;-73.0;-0.0027425120197259499;169.00000000000003
WP_004599362.1;Archaea;Halorubrum distributum;NrdA;NrdAi;562;64102.200000000004;20340.320505815369;-34.0;-0.0016715567480993861;132.0
WP_008384670.1;Archaea;Halogeometricum pallidum;NrdJ;NrdJuc;1065;117005.0;31559.475490149311;-124.00000000000001;-0.0039290893804209215;225.99999999999997
WP_048162175.1;Archaea;Thermoplasma acidophilum;NrdJ;NrdJp;768;86655.79999999997;25347.365294449057;-6.9999999999999964;-0.00027616282476242062;205.00000000000003
WP_048174371.1;Archaea;Methanosarcina siciliae;NrdD;NrdDa;794;90264.29999999999;26113.629796961202;-10.999999999999991;-0.00042123596319344476;189.0
WP_013799069.1;Archaea;Methanotorris igneus;NrdD;NrdDa;762;87835.99999999999;25598.912210937015;-0.9999999999999947;-3.9064159904917734e-05;198.0
WP_008300845.1;Archaea;Candidatus Nitrosopumilus salaria;NrdJ;NrdJp;883;99130.39999999997;27962.214071191647;-15.999999999999998;-0.00057220075489244459;227.0
WP_089871196.1;Archaea;Halogranum rubrum;NrdB;NrdBz;330;38254.90000000001;13954.109007743518;-41.0;-0.0029382026453461108;86.99999999999999
WP_008417870.1;Archaea;Halalkalicoccus jeotgali;NrdJ;NrdJuc;1031;114072.09999999999;30980.00890536567;-114.0;-0.0036797923573306476;214.0
WP_089733474.1;Archaea;Haloarchaeobius iranensis;NrdJ;NrdJuc;1039;115124.99999999999;31188.492888600289;-138.0;-0.0044247088338930417;221.00000000000003
WP_008325696.1;Archaea;Haloferax elongans;NrdJ;NrdJuc;1035;114724.7;31109.290676838267;-120.0;-0.0038573685670481501;229.0
WP_058566875.1;Archaea;Haloferax sp. SB3;NrdJ;NrdJuc;1033;114210.89999999998;31007.522232974756;-119.00000000000001;-0.0038377784302110474;231.0
WP_012943309.1;Archaea;Haloterrigena turkmenica;NrdJ;NrdJuc;1042;115469.70000000003;31256.634677467984;-143.0;-0.0045750286771302547;225.0
WP_054583316.1;Archaea;Halolamina pelagica;NrdB;NrdBz;331;38435.600000000006;14002.195109936249;-48.99999999999999;-0.0034994513085472275;85.00000000000001
WP_089781484.1;Archaea;Haloferax massiliensis;NrdJ;NrdJuc;1031;114008.70000000001;30967.438571525137;-118.0;-0.0038104539943611014;231.0
WP_020962222.1;Archaea;Thermofilum adornatus;NrdD;NrdDg;637;72386.6;22227.520507389301;-5.999999999999995;-0.00026993564117983195;168.0
WP_089810274.1;Archaea;Halogeometricum rufum;NrdB;NrdBz;330;38036.8;13895.988619342854;-41.99999999999999;-0.0030224549796721255;85.0
WP_076431649.1;Archaea;Haladaptatus litoreus;NrdB;NrdBz;331;38370.700000000004;13984.931600958646;-45.0;-0.0032177490233070084;86.0
WP_014863746.1;Archaea;Natrinema;NrdJ;NrdJuc;1040;115047.69999999997;31173.204332336765;-135.99999999999997;-0.0043627212188425456;223.00000000000003
WP_006088182.1;Archaea;Natronorubrum tibetense;NrdJ;NrdJuc;1040;115032.40000000001;31170.177937454948;-141.0;-0.004523554542515797;223.00000000000003
WP_013143684.1;Archaea;Staphylothermus hellenicus;NrdD;NrdDi;631;73444.29999999999;22464.14840127535;-8.756884106730922e-15;-3.898159836868675e-19;158.0
WP_012021658.1;Archaea;Metallosphaera sedula;NrdJ;NrdJp;823;93068.0;26703.293409526697;-4.999999999999996;-0.00018724282144973886;223.0
WP_006114018.1;Archaea;Halorubrum coriense;NrdB;NrdBi;342;39672.19999999999;14329.64849380757;-51.0;-0.0035590545031191235;88.0
WP_052891815.1;Archaea;Thermosphaera aggregans;NrdD;NrdDi;616;70960.7;21907.035392200753;-5.000000000000002;-0.00022823718090947531;157.00000000000003
WP_013646095.1;Archaea;Methanobacterium lacus;NrdD;NrdDa;773;87443.09999999999;25515.271729188051;-14.000000000000004;-0.00054869100155358259;184.0
WP_086219814.1;Archaea;Halorubrum sp. SD612;NrdB;NrdBi;342;39630.2;14318.572479797765;-49.0;-0.0034221288518205741;87.0
WP_089385795.1;Archaea;Halorubrum vacuolatum;NrdB;NrdBi;342;39927.0;14396.775277138593;-41.0;-0.0028478599693853722;88.99999999999999
WP_081246184.1;Archaea;Thermoproteus sp. CP80;NrdD;NrdDi;611;70120.59999999998;21717.401210944976;-12.000000000000004;-0.00055255230050050056;152.0
WP_077207223.1;Archaea;Halorientalis sp. IM1011;NrdJ;NrdJuc;1044;115486.9;31260.033408160936;-133.00000000000003;-0.0042546339686661445;223.00000000000003
WP_086219250.1;Archaea;Halorubrum sp. SD612;NrdJ;NrdJuc;1051;114841.3;31132.368509615913;-133.0;-0.0042720810001629023;221.99999999999997
WP_015911482.1;Archaea;Halorubrum lacusprofundi;NrdB;NrdBi;336;39112.6;14181.812219727786;-35.0;-0.0024679497554841979;86.99999999999999
WP_088867578.1;Archaea;Thermococcus radiotolerans;NrdD;NrdDi;612;70794.7;21869.612794120698;-11.000000000000004;-0.00050298101313239437;144.0
WP_072358874.1;Archaea;Methanohalophilus portucalensis;NrdD;NrdDa;793;89401.2;25931.115146343309;-32.99999999999999;-0.0012726024242984979;184.0
WP_049992522.1;Archaea;Halapricum salinum;NrdB;NrdBz;330;38360.100000000006;13982.111234455188;-44.00000000000001;-0.0031468781260710994;83.0
WP_103990079.1;Archaea;Halobellus limi;NrdJ;NrdJuc;1051;116415.4;31443.303437446233;-126.0;-0.0040072125452933482;229.99999999999997
WP_008095496.1;Archaea;Haloferax prahovense;NrdJ;NrdJuc;1033;114319.79999999999;31029.102378316664;-117.0;-0.003770653709975199;229.99999999999997
WP_094579828.1;Archaea;Halorubrum ezzemoulense;NrdB;NrdBi;336;38995.8;14150.883922068311;-46.00000000000001;-0.003250680328757625;90.00000000000001
WP_048078203.1;Archaea;Halorubrum sp. AJ67;NrdJ;NrdJuc;617;69045.3;21473.777939204858;-85.0;-0.0039583160560124255;137.0
WP_023844704.1;Archaea;Methanolobus tindarius;NrdD;NrdDa;799;89851.59999999999;26026.417634845795;-28.999999999999993;-0.0011142524648176313;187.0
WP_092730618.1;Archaea;Halopenitus persicus;NrdJ;NrdJuc;1054;115773.70000000001;31316.68514754506;-132.0;-0.0042150054955719853;221.99999999999997
WP_014733213.1;Archaea;Pyrococcus sp. ST04;NrdD;NrdDg;614;70955.49999999999;21905.863476914532;-5.999999999999994;-0.00027389926931312646;150.0
WP_094522870.1;Archaea;Halorubrum;NrdB;NrdBi;342;39854.29999999999;14377.634364524665;-53.0;-0.003686280973368752;91.0
WP_015282639.1;Archaea;Aciduliprofundum sp. MAR08-339;NrdJ;NrdJp;767;87832.4;25598.146302727102;1.0000000000000095;3.906532872239559e-05;211.99999999999994
WP_021789627.1;Archaea;Cuniculiplasma divulgatum;NrdJ;NrdJp;783;88714.99999999999;25785.668850006379;-5.999999999999986;-0.00023268739061614458;200.0
WP_048146456.1;Archaea;Pyrococcus abyssi;NrdD;NrdDg;613;70817.99999999999;21874.866912278616;-11.999999999999998;-0.00054857476610585727;152.99999999999997
WP_008001717.1;Archaea;Halorubrum aidingense;NrdB;NrdBz;330;38226.49999999999;13946.545908870457;-41.99999999999999;-0.0030114983505189355;86.0
WP_058827607.1;Archaea;Haloferax sp. Q22;NrdJ;NrdJuc;1033;114376.9;31040.415369424059;-119.0;-0.0038337115848397873;229.0
WP_006825968.1;Archaea;Natrialba taiwanensis;NrdJ;NrdJuc;1045;115171.79999999999;31197.747743807442;-138.0;-0.0044233962378707973;222.0
WP_048058898.1;Archaea;Desulfurococcus amylolyticus;NrdD;NrdDi;833;95893.99999999999;27292.812819553918;-19.000000000000007;-0.00069615397011727094;209.00000000000003
WP_015325440.1;Archaea;Methanomethylovorans hollandica;NrdD;NrdDa;794;89567.60000000002;25966.339657422592;-16.000000000000004;-0.00061618234264398269;184.0
WP_007996187.1;Archaea;Halorubrum arcis;NrdJ;NrdJuc;1053;115429.1;31248.611550034628;-138.0;-0.0044161962133593448;224.0
WP_013329187.1;Archaea;Methanolacinia petrolearia;NrdD;NrdDa;733;83272.0;24620.950567291966;-20.999999999999993;-0.0008529321377176122;181.0
WP_069574956.1;Archaea;Methanobrevibacter;NrdD;NrdDa;772;87672.20000000001;25564.054800018017;-23.0;-0.00089970077829686827;185.0
WP_048189688.1;Archaea;Methanobacterium sp. SMA-27;NrdD;NrdDa;773;87527.9;25533.332510188367;-11.000000000000007;-0.000430809413366264;193.0
WP_048049914.1;Archaea;Methanosarcina mazei;NrdD;NrdDa;794;90103.50000000001;26079.66221434599;-6.999999999999999;-0.00026840838437506355;187.0
WP_052359137.1;Archaea;Methanomicrobium mobile;NrdD;NrdDa;733;83686.0;24710.247809992299;-7.000000000000005;-0.00028328327800781317;177.0
WP_006114017.1;Archaea;Halorubrum coriense;NrdA;NrdAi;562;63915.5;20297.056874031576;-39.99999999999999;-0.0019707290691576432;132.99999999999997
WP_096389801.1;Archaea;Halopenitus persicus;NrdJ;NrdJuc;1054;115995.5;31360.47142534396;-132.0;-0.0042091203990423506;222.99999999999997
WP_016357777.1;Archaea;Methanobrevibacter sp. AbM4;NrdD;NrdDa;772;87798.70000000001;25590.976139763789;-16.000000000000004;-0.00062522038677293248;185.0
WP_075936218.1;Archaea;Natronomonas sp. CBA1134;NrdB;NrdBi;336;39114.19999999999;14182.235721750079;-42.0;-0.0029614512707321736;89.00000000000001
WP_004053930.1;Archaea;Halococcus morrhuae;NrdB;NrdBz;331;38290.70000000001;13963.64061365495;-37.0;-0.0026497387768500678;81.0
WP_099254769.1;Archaea;Halorubrum persicum;NrdB;NrdBz;330;38513.299999999996;14022.853092200199;-46.99999999999999;-0.0033516717098136303;83.99999999999999
WP_009886680.1;Archaea;Ferroplasma acidarmanus;NrdJ;NrdJp;1136;127907.40000000001;33680.178870416952;-3.0000000000000115;-8.9073161147462527e-05;301.0
WP_049997246.1;Archaea;Halococcus sediminicola;NrdJ;NrdJuc;1024;112830.30000000002;30733.451896252565;-118.0;-0.0038394645807550221;216.0
WP_049979309.1;Archaea;Halolamina rubra;NrdJ;NrdJuc;1049;115185.1;31200.377677618981;-142.00000000000003;-0.0045512269584435548;218.99999999999997
WP_092532560.1;Archaea;Halopelagius longus;NrdJ;NrdJuc;1043;115692.6;31300.66927264406;-127.0;-0.0040574212293599289;221.0
WP_048077725.1;Archaea;Halorubrum sp. AJ67;NrdB;NrdBi;342;39930.2;14397.617576915241;-56.0;-0.0038895323966507429;90.0
WP_012185699.1;Archaea;Caldivirga maquilingensis;NrdJ;NrdJp;877;98277.60000000002;27786.405242226545;-0.999999999999997;-3.5988822277748741e-05;236.00000000000003
WP_013468404.1;Archaea;Thermococcus barophilus;NrdJ;NrdJp;1042;118305.4;31815.143343065625;-13.999999999999998;-0.0004400420217830455;289.0
WP_011278190.1;Archaea;Sulfolobus acidocaldarius;NrdJ;NrdJp;837;95207.40000000001;27150.020652921281;-2.000000000000011;-7.3664769009478294e-05;228.00000000000003
WP_094558778.1;Archaea;Halorubrum sp. Ea1;NrdJ;NrdJuc;1421;156560.5;39035.392917552665;-177.99999999999997;-0.0045599643476359232;306.0
WP_010903779.1;Archaea;Halobacterium salinarum;NrdB;NrdBz;331;38453.1;14006.848791670091;-44.0;-0.003141320410781254;83.0
WP_092902454.1;Archaea;Halostagnicola kamekurae;NrdJ;NrdJuc;1040;115064.80000000003;31176.58664508137;-143.0;-0.0045867753782007003;228.0
WP_019176929.1;Archaea;Methanomassiliicoccus luminyensis;NrdD;NrdDa;701;79325.2;23763.516513470713;-7.000000000000004;-0.00029456919795653761;176.0
WP_004067902.1;Archaea;Thermococcus litoralis;NrdD;NrdDi;616;71586.09999999999;22047.812275344786;-12.000000000000004;-0.00054427168782723802;151.0
WP_013748461.1;Archaea;Pyrococcus sp. NA2;NrdJ;NrdJp;1703;196319.6;46047.284240100467;-12.999999999999998;-0.00028231849531484192;490.00000000000006
WP_066797783.1;Archaea;Caldivirga sp. MU80;NrdJ;NrdJp;879;98624.59999999999;27857.99046927601;-5.999999999999992;-0.00021537806205430593;231.99999999999997
WP_014051584.1;Archaea;halophilic archaeon DL31;NrdJ;NrdJuc;1433;156997.99999999997;39114.993014736006;-164.0;-0.0041927656726978161;300.0
WP_014835522.1;Archaea;Pyrococcus furiosus;NrdD;NrdDi;605;70106.6;21714.235838382934;-9.000000000000005;-0.00041447463622418858;153.00000000000003
WP_011405869.1;Archaea;Methanosphaera;NrdD;NrdDa;771;87770.5;25584.975610360223;-6.999999999999991;-0.00027359807203276967;183.0
WP_058946802.1;Archaea;Thermococcus sp. 2319x1;NrdJ;NrdJp;1280;146363.59999999998;37162.652127350535;-25.99999999999998;-0.00069962713938989305;348.0
WP_012572833.1;Archaea;Thermococcus onnurineus;NrdD;NrdDi;614;71119.5;21942.812726283802;-10.999999999999996;-0.00050130309806745263;150.0
WP_089882243.1;Archaea;Halogeometricum limi;NrdB;NrdBz;329;38249.799999999996;13952.75095732672;-44.00000000000001;-0.0031534999896844856;85.0
WP_089308351.1;Archaea;Halorubrum;NrdJ;NrdJuc;1051;114842.30000000002;31132.56640534068;-135.0;-0.0043362952556600422;221.99999999999997
WP_048179522.1;Archaea;Methanoculleus sediminis;NrdD;NrdDa;731;83377.0;24643.609741851069;-15.0;-0.00060867706302483011;179.0
WP_096394528.1;Archaea;Halorubrum trapanicum;NrdJ;NrdJuc;1051;114981.50000000001;31160.10895254738;-137.0;-0.0043966470145734224;222.0
WP_011761984.1;Archaea;Pyrobaculum islandicum;NrdD;NrdDi;606;69881.3;21663.272445923503;-3.0000000000000027;-0.00013848323273820659;148.0
WP_007741977.1;Archaea;Halococcus thailandensis;NrdJ;NrdJuc;1022;112762.29999999997;30719.92952939689;-128.0;-0.0041666762248758638;219.0
WP_008847292.1;Archaea;Halorubrum kocurii;NrdA;NrdAi;562;63836.79999999999;20278.809654641544;-33.00000000000001;-0.0016273144509962277;131.99999999999997
WP_008086411.1;Archaea;Aciduliprofundum boonei;NrdJ;NrdJp;768;87794.5;25590.08247687859;8.000000000000004;0.00031262111043324085;213.0
WP_048158027.1;Archaea;Methanosarcina sp. Kolksee;NrdD;NrdDa;794;90515.9;26166.745319749738;-13.0;-0.00049681379327631001;187.0
WP_010868726.1;Archaea;Pyrococcus abyssi;NrdJ;NrdJp;2122;244677.60000000003;54077.215872274101;-15.000000000000012;-0.00027738114394477645;599.0
WP_004589894.1;Archaea;Methanocaldococcus villosus;NrdD;NrdDa;762;88400.90000000001;25718.991246186757;7.000000000000005;0.00027217241660043199;210.0
WP_050033923.1;Archaea;Halorubrum halophilum;NrdB;NrdBi;336;39198.00000000001;14204.41010813683;-45.00000000000001;-0.003168030186218172;89.0
WP_050033652.1;Archaea;Halorubrum halophilum;NrdJ;NrdJuc;1429;157309.7;39171.668138804751;-171.0;-0.0043653999976223058;300.0
WP_088858863.1;Archaea;Thermococcus profundus;NrdJ;NrdJp;911;103794.59999999999;28916.659688531385;-9.999999999999991;-0.00034582140910162194;246.00000000000003
WP_054298963.1;Archaea;Methanosarcina flavescens;NrdD;NrdDa;794;90523.09999999998;26168.26473166042;-13.999999999999998;-0.00053499917337131262;184.0
WP_013562648.1;Archaea;Desulfurococcus mucosus;NrdD;NrdDi;631;73191.7;22407.721011010395;-8.000000000000009;-0.00035701979670619248;149.0
WP_062371810.1;Archaea;Thermococcus guaymasensis;NrdJ;NrdJp;1063;120429.50000000001;32231.131662262735;-14.000000000000002;-0.00043436265740528314;291.99999999999994
WP_068320296.1;Archaea;Pyrococcus kukulkanii;NrdJ;NrdJp;1282;146892.8;37260.692420247258;-7.999999999999982;-0.00021470347114786373;350.0
WP_099256506.1;Archaea;Halorubrum persicum;NrdJ;NrdJuc;1048;115566.10000000002;31275.681614268982;-136.0;-0.0043484264124863193;221.0
WP_014512610.1;Archaea;Sulfolobus islandicus;NrdJ;NrdJp;838;94938.09999999999;27093.938499957712;-2.9999999999999925;-0.00011072587324300137;240.99999999999997
WP_103426503.1;Archaea;Salinigranum rubrum;NrdJ;NrdJuc;1050;115768.29999999999;31315.618833259472;-113.0;-0.0036084230237208581;231.00000000000003
WP_049902285.1;Archaea;Halococcus agarilyticus;NrdA;NrdAz;823;92556.30000000002;26596.036393551483;-63.0;-0.0023687740183448943;171.0
WP_018256454.1;Archaea;Halomicrobium katesii;NrdB;NrdBi;336;39030.8;14160.15444074824;-46.00000000000001;-0.0032485521392074104;90.0
WP_017343634.1;Archaea;Halorubrum sp. T3;NrdA;NrdAi;562;63994.6;20315.390724926387;-38.00000000000001;-0.0018705030345970714;131.99999999999997
WP_089880547.1;Archaea;Halogeometricum limi;NrdJ;NrdJuc;1046;115557.3;31273.943067721775;-117.0;-0.0037411336250962597;228.0
WP_004029634.1;Archaea;Methanobacterium formicicum;NrdD;NrdDa;768;87030.19999999998;25427.264224605697;-12.0;-0.00047193437304150581;177.0
WP_004053928.1;Archaea;Halococcus morrhuae;NrdA;NrdAz;810;91746.3;26425.924957055395;-70.0;-0.0026489139023045194;170.0
WP_018256453.1;Archaea;Halomicrobium katesii;NrdA;NrdAi;564;64344.9;20396.510089117182;-45.999999999999986;-0.0022552877820281553;130.99999999999997
WP_083495145.1;Archaea;Ignicoccus islandicus;NrdD;NrdDi;649;73898.90000000001;22565.568037786124;-6.999999999999994;-0.00031020712566501621;153.0
WP_048076181.1;Archaea;Halorubrum sp. AJ67;NrdJ;NrdJuc;1191;130554.59999999995;34187.617770619821;-125.0;-0.0036562945344329485;260.0
WP_048165750.1;Archaea;Palaeococcus pacificus;NrdJ;NrdJp;889;100898.99999999999;28325.524391494553;-11.999999999999998;-0.00042364617276435308;244.0
WP_048099350.1;Archaea;Candidatus Acidianus copahuensis;NrdJ;NrdJp;826;93973.0;26892.600869514525;-5.000000000000018;-0.00018592474652267724;225.99999999999997
WP_049953087.1;Archaea;Halostagnicola larsenii;NrdJ;NrdJuc;1039;114886.4;31141.293144193856;-142.0;-0.0045598620244347568;228.0
WP_007740255.1;Archaea;Halococcus thailandensis;NrdB;NrdBz;331;38289.7;13963.374400355453;-38.0;-0.002721405221293262;81.0
WP_052569702.1;Archaea;Ignicoccus hospitalis;NrdD;NrdDi;646;73923.9;22571.140553903166;-4.999999999999995;-0.00022152181401995471;159.0
WP_048168787.1;Archaea;Methanosarcina sp. 2.H.A.1B.4;NrdD;NrdDa;794;90249.19999999997;26110.44075054488;-13.999999999999998;-0.00053618397842280173;185.00000000000003
WP_058582441.1;Archaea;Haloprofundus marisrubri;NrdJ;NrdJuc;1039;114627.09999999999;31089.968513490327;-119.00000000000001;-0.0038276011745835129;225.0
WP_091708935.1;Archaea;Methanolobus vulcani;NrdD;NrdDa;799;90025.79999999999;26063.242909950535;-29.999999999999996;-0.0011510463261863117;188.00000000000003
WP_048167630.1;Archaea;Methanosarcina thermophila;NrdD;NrdDa;794;90554.2;26174.827372176329;-16.999999999999986;-0.00064947897299490404;185.0
WP_094533180.1;Archaea;Halorubrum halodurans;NrdB;NrdBz;330;38202.5;13940.153374898371;-44.00000000000001;-0.0031563497772721444;85.0
WP_007983677.1;Archaea;Haladaptatus paucihalophilus;NrdJ;NrdJuc;1028;113727.2;30911.602681762648;-114.0;-0.0036879356005458165;220.99999999999997
WP_019265268.1;Archaea;Methanobrevibacter smithii;NrdD;NrdDa;776;88192.09999999999;25674.631485288053;-28.000000000000004;-0.0010905706676274758;189.00000000000003
WP_013719678.1;Archaea;Methanothrix soehngenii;NrdD;NrdDa;758;86406.09999999999;25294.026191656718;-17.000000000000007;-0.00067209545333702107;187.0
WP_066380003.1;Archaea;Halalkalicoccus paucihalophilus;NrdA;NrdAz;799;90896.59999999999;26247.039551708731;-59.99999999999999;-0.0022859720953212754;168.0
WP_089820869.1;Archaea;Halogranum amylolyticum;NrdJ;NrdJuc;1029;114166.09999999998;30998.642837787742;-121.0;-0.0039033966949191547;223.0
WP_072560681.1;Archaea;Methanohalophilus halophilus;NrdD;NrdDa;793;89306.9;25911.145321119733;-35.99999999999999;-0.0013893635172759812;184.0
WP_009367157.1;Archaea;Halogranum salarium;NrdB;NrdBz;330;38273.90000000001;13959.167981039194;-43.0;-0.003080412819618412;87.00000000000001
WP_015411768.1;Archaea;Methanosarcina mazei;NrdD;NrdDa;794;90147.40000000001;26088.937325454404;-9.000000000000007;-0.00034497380585980802;187.0
WP_092919502.1;Archaea;Halorubrum sodomense;NrdA;NrdAi;562;64015.7;20320.280263056331;-35.0;-0.0017224171884889015;132.0
WP_058571812.1;Archaea;Haloferax sp. SB29;NrdJ;NrdJuc;1035;114829.7;31130.072885205602;-118.99999999999999;-0.0038226701376132687;230.0
WP_094589851.1;Archaea;Halorubrum sp. Hd13;NrdJ;NrdJuc;1421;156676.4;39056.48596162624;-180.0;-0.00460870955407646;306.0
WP_089871194.1;Archaea;Halogranum rubrum;NrdA;NrdAz;815;92335.59999999999;26549.726258460745;-62.00000000000001;-0.0023352406498067801;176.0
WP_023844692.1;Archaea;Methanolobus tindarius;NrdD;NA;604;68815.3;21421.535846063154;-18.0;-0.00084027588541500566;145.0
WP_017343846.1;Archaea;Halorubrum sp. T3;NrdJ;NrdJuc;1053;115193.4;31202.018872959587;-142.0;-0.0045509875684057281;221.0
WP_007259119.1;Archaea;Natronolimnobius innermongolicus;NrdJ;NrdJuc;1417;157070.8;39128.23265528545;-182.0;-0.004651372874502048;311.0
WP_011178042.1;Archaea;Picrophilus torridus;NrdJ;NrdJp;773;88157.1;25667.192928028908;-10.000000000000005;-0.00038960240132374877;206.0
WP_048111704.1;Archaea;Methanoculleus sp. MH98A;NrdD;NrdDa;1685;188747.40000000002;44743.882242398824;-30.999999999999975;-0.00069283214701974848;429.0
WP_056934800.1;Archaea;Thermococcus barophilus;NrdJ;NrdJp;1724;198090.0;46350.050579877432;-9.999999999999988;-0.00021574949487415278;471.00000000000006
WP_089669976.1;Archaea;Halobacterium jilantaiense;NrdJ;NrdJuc;1045;114880.7;31140.165249258509;-147.00000000000003;-0.0047205915197736561;221.0
WP_053947287.1;Archaea;Halolamina sediminis;NrdB;NrdBz;331;38286.6;13962.54912719706;-48.99999999999999;-0.0035093878312345531;85.00000000000001
WP_014052658.1;Archaea;halophilic archaeon DL31;NrdA;NrdAz;809;90145.2;26088.472542539021;-72.0;-0.0027598396143200458;169.0
WP_023991237.1;Archaea;Methanobacterium sp. MB1;NrdD;NrdDa;768;87128.5;25448.226568289338;-14.000000000000004;-0.00055013656697968879;185.0
WP_048061309.1;Archaea;Methanothermobacter thermautotrophicus;NrdD;NrdDa;770;87940.5;25621.141132233686;-21.000000000000007;-0.00081963562401910861;187.00000000000003
WP_048142836.1;Archaea;Methanosarcina horonobensis;NrdD;NrdDa;794;90071.09999999999;26072.816019480575;-10.999999999999996;-0.00042189535613572512;187.0
WP_100909518.1;Archaea;Methanobacterium subterraneum;NrdD;NrdDa;768;87038.00000000001;25428.927797604476;-14.000000000000004;-0.00055055408200572532;184.0
WP_089309353.1;Archaea;Halorubrum chaoviator;NrdB;NrdBi;336;38985.8;14148.234789873974;-46.00000000000001;-0.0032512889899821741;90.00000000000001
WP_053770974.1;Archaea;Halorubrum tropicale;NrdB;NrdBi;342;39676.3;14330.729554086382;-47.0;-0.0032796655482621984;88.0
WP_007693950.1;Archaea;Halococcus hamelinensis;NrdA;NrdAz;810;92468.20000000001;26577.553688722219;-74.00000000000001;-0.0027843044121626886;171.0
WP_004969817.1;Archaea;Haloferax denitrificans;NrdJ;NrdJuc;1030;113896.29999999999;30945.148355097703;-122.00000000000001;-0.0039424596902894642;232.00000000000003
WP_007551495.1;Archaea;Candidatus Nitrosoarchaeum koreensis;NrdJ;NrdJp;882;99403.80000000002;28018.49024036984;-12.000000000000002;-0.00042828860145754959;227.0
WP_006067686.1;Archaea;Natronorubrum bangense;NrdJ;NrdJuc;1037;114660.3;31096.541714925799;-142.0;-0.0045664241799544701;229.0
WP_048148762.1;Archaea;Methanolacinia paynteri;NrdJ;NrdJuc;566;63049.2;20095.862157942294;-10.0;-0.00049761487819758937;140.0
WP_069583020.1;Archaea;Methanobacterium;NrdD;NrdDa;771;86964.90000000001;25413.335553028468;-9.0;-0.00035414477494385754;185.0
WP_089693101.1;Archaea;Halogranum gelatinilyticum;NrdB;NrdBz;330;38129.200000000004;13920.622793422568;-41.0;-0.0029452705247765437;86.99999999999999
WP_006649330.1;Archaea;Haloterrigena thermotolerans;NrdJ;NrdJuc;1034;114743.99999999999;31113.111029760516;-138.0;-0.0044354291625803453;222.0
WP_008419510.1;Archaea;Natronococcus jeotgali;NrdJ;NrdJuc;1033;114353.4;31035.759594551833;-140.00000000000003;-0.0045109255203979702;223.00000000000003
WP_086637123.1;Archaea;Methanonatronarchaeum thermophilum;NrdJ;NrdJuc;1242;141965.09999999998;36344.032495899708;-17.000000000000025;-0.00046775216817005502;265.0
WP_048037708.1;Archaea;Methanosarcina mazei;NrdD;NrdDa;794;90106.50000000001;26080.296087653165;-8.000000000000002;-0.00030674498376524685;187.0
WP_013180850.1;Archaea;Methanococcus voltae;NrdD;NrdDa;772;87981.1;25629.775516415215;-19.000000000000004;-0.00074132526006054909;188.0
WP_048114856.1;Archaea;Candidatus Nitrosopumilus adriaticus;NrdJ;NrdJp;883;99144.4;27965.096823401145;-16.000000000000004;-0.00057214177018730117;230.0
WP_086637294.1;Archaea;Methanonatronarchaeum thermophilum;NrdD;NrdDa;752;86101.69999999998;25228.946142111316;-9.999999999999998;-0.00039637010375587314;162.0
WP_097009858.1;Archaea;Natronoarchaeum philippinense;NrdA;NrdAz;860;96228.20000000001;27362.216434279671;-95.00000000000001;-0.0034719409601987879;178.0
WP_048109724.1;Archaea;Methanosarcina barkeri;NrdD;NrdDa;794;90442.80000000002;26151.317220176457;-15.000000000000002;-0.0005735848742803323;187.0
WP_087714713.1;Archaea;Natronolimnobius baerhuensis;NrdA;NrdAz;813;92911.2;26670.443649366058;-81.0;-0.0030370698389910484;179.0
WP_007274593.1;Archaea;Haloferax sulfurifontis;NrdJ;NrdJuc;1031;113982.4;30962.223510126816;-124.0;-0.0040048803329464791;232.0
WP_092892226.1;Archaea;Halopelagius inordinatus;NrdJ;NrdJuc;1039;114756.50000000003;31115.58525902755;-122.0;-0.0039208647044363144;219.0
WP_006431255.1;Archaea;Natrinema versiforme;NrdJ;NrdJuc;1041;114904.59999999998;31144.894391798902;-140.0;-0.0044951187902202332;225.0
WP_013683031.1;Archaea;Archaeoglobus veneficus;NrdD;NrdDa;700;79435.0;23787.523829986712;-9.00000000000001;-0.00037834959470033405;183.00000000000003
WP_054845531.1;Archaea;Sulfolobus sp. JCM 16833;NrdJ;NrdJp;826;93462.3;26785.833713024575;-1.9999999999999865;-7.4666333757888195e-05;225.99999999999997
WP_101009247.1;Archaea;Nitrosotalea sp. Nd2;NrdJ;NrdJp;885;99314.20000000001;28000.051745064102;-3.000000000000014;-0.00010714265913915175;229.0
WP_054834756.1;Archaea;Methanobrevibacter arboriphilus;NrdD;NrdDa;774;87301.40000000001;25485.081776959825;-23.999999999999993;-0.00094172740782403751;187.0
WP_079977621.1;Archaea;Halococcus sediminicola;NrdA;NrdAz;847;95445.59999999998;27199.590493315583;-69.0;-0.002536802898446469;173.00000000000003
WP_092698276.1;Archaea;Halovenus aranensis;NrdA;NrdAz;827;94604.99999999999;27024.510434645559;-73.00000000000001;-0.0027012515241132229;180.0
WP_094589265.1;Archaea;Halorubrum sp. Hd13;NrdA;NrdAi;562;64018.9;20321.021766380822;-37.0;-0.0018207745863061348;132.0
WP_042707662.1;Archaea;Methanobrevibacter wolinii;NrdD;NrdDa;772;87853.90000000001;25602.720350925531;-18.000000000000004;-0.00070305029126911938;187.99999999999997
WP_007693948.1;Archaea;Halococcus hamelinensis;NrdB;NrdBz;330;38314.00000000001;13969.842852252781;-46.0;-0.0032928072625084703;86.99999999999999
WP_067260454.1;Archaea;Methanobrevibacter cuticularis;NrdD;NrdDa;771;86979.9;25416.535344496631;-19.000000000000007;-0.00074754484600175937;190.0
WP_014026146.1;Archaea;Pyrolobus fumarii;NrdD;NrdDg;644;73253.90000000001;22421.620514569971;-1.9999999999999858;-8.9199618676105501e-05;164.0
WP_012616724.1;Archaea;Methanosphaerula palustris;NrdD;NrdDa;730;82270.6;24404.457314713563;-10.0;-0.00040976121169352748;177.0
WP_011843163.1;Archaea;Methanoculleus marisnigri;NrdD;NrdDa;731;83276.9;24622.008166972395;-14.0;-0.00056859700090504384;177.0
WP_004066399.1;Archaea;Thermococcus litoralis;NrdJ;NrdJp;1280;146796.39999999997;37242.840341602656;-29.00000000000002;-0.0007786731552696627;346.0
WP_091935572.1;Archaea;Methanolobus profundi;NrdD;NrdDa;792;89326.29999999999;25915.254106440938;-27.999999999999993;-0.0010804447405762044;184.99999999999997
WP_094580912.1;Archaea;Halorubrum sp. Ib24;NrdA;NrdAi;562;64065.0;20331.702938425748;-37.0;-0.0018198180502663223;133.0
WP_015911481.1;Archaea;Halorubrum lacusprofundi;NrdA;NrdAi;562;64156.80000000001;20352.9664259948;-39.99999999999999;-0.0019653154809370693;130.0
WP_066380449.1;Archaea;Halalkalicoccus paucihalophilus;NrdJ;NrdJuc;1026;113617.1;30889.75405557569;-111.0;-0.0035934245316519178;222.0
WP_006187362.1;Archaea;Natrinema pallidum;NrdB;NrdBz;330;38270.299999999996;13958.209490807123;-46.0;-0.0032955516271836729;86.0
WP_062389485.1;Archaea;Thermococcus peptonophilus;NrdJ;NrdJp;1746;200247.99999999997;46718.116585259952;-33.00000000000001;-0.00070636409196366977;469.0
WP_016730806.1;Archaea;Sulfolobus islandicus;NrdJ;NrdJp;838;94778.09999999998;27060.597907257423;-0.9999999999999859;-3.6954098480277643e-05;240.99999999999997
WP_012572778.1;Archaea;Thermococcus onnurineus;NrdJ;NrdJp;910;104003.3;28959.092408460456;-10.000000000000002;-0.00034531468938848656;242.0
WP_004058781.1;Archaea;Haloferax mediterranei;NrdB;NrdBz;330;38336.4;13975.804559335204;-36.0;-0.0025758803256842652;83.99999999999999
WP_071400253.1;Archaea;Natrialba sp. SSL1;NrdJ;NrdJuc;1044;115700.09999999999;31302.150522650802;-145.0;-0.0046322695910325836;220.99999999999997
WP_049904137.1;Archaea;Halococcus agarilyticus;NrdJ;NrdJuc;1038;114107.9;30987.106146977494;-128.0;-0.0041307503641312181;220.0
WP_070364429.1;Archaea;Halodesulfurarchaeum formicicum;NrdJ;NrdJuc;1397;154500.7;38659.815671669967;-159.0;-0.0041127976747316903;305.0
WP_015858042.1;Archaea;Thermococcus gammatolerans;NrdJ;NrdJp;911;103842.89999999998;28926.482053720098;-8.999999999999993;-0.00031113358282856059;245.0
WP_048130072.1;Archaea;Methanosarcina;NrdD;NrdDa;794;89953.2;26047.897862424856;-11.999999999999995;-0.00046068976711208926;187.99999999999997
WP_049969787.1;Archaea;Haladaptatus cibarius;NrdJ;NrdJuc;1026;113320.8;30830.926838525837;-112.0;-0.003632715960392296;218.0
WP_018257613.1;Archaea;Halomicrobium katesii;NrdJ;NrdJuc;1053;116033.70000000001;31368.010331868067;-141.0;-0.0044950252983292421;223.00000000000003
WP_099254768.1;Archaea;Halorubrum persicum;NrdA;NrdAz;865;95521.3;27215.336799983001;-88.99999999999999;-0.0032702149032399841;173.99999999999997
WP_048089804.1;Archaea;Candidatus Methanoperedens nitroreducens;NrdJ;NrdJp;680;75645.9;22953.762687445931;-2.9999999999999893;-0.00013069752618993379;194.0
WP_079980312.1;Archaea;Halorhabdus tiamatea;NrdJ;NrdJuc;2737;303208.19999999995;63242.850636269417;-318.0;-0.0050282363429334223;627.0
WP_015790070.1;Archaea;Halorhabdus utahensis;NrdB;NrdBz;330;38289.3;13963.267914510039;-48.0;-0.0034375907054050307;86.99999999999999
WP_086886798.1;Archaea;Natrialbaceae archaeon JW/NM-HA 15;NrdJ;NrdJuc;1052;116951.99999999999;31549.039091799674;-151.0;-0.0047861996544689821;230.0
WP_048088358.1;Archaea;Marine Group I thaumarchaeote SCGC AAA799-E16;NrdJ;NrdJp;883;99206.79999999997;27977.944325456494;-17.000000000000004;-0.00060762148220203907;231.0
WP_012980916.1;Archaea;Methanocaldococcus sp. FS406-22;NrdD;NrdDa;937;107788.00000000001;29724.66381403412;-16.999999999999986;-0.00057191563566056725;249.00000000000003
WP_055408338.1;Archaea;Pyrodictium delaneyi;NrdD;NrdDg;639;72712.5;22300.52952757313;1.0000000000000056;4.4841984526132962e-05;153.0
WP_048053791.1;Archaea;Thermococcus kodakarensis;NrdD;NrdDi;613;70342.9;21767.639968697411;-9.000000000000002;-0.0004134577755302045;141.0
WP_012713669.1;Archaea;Sulfolobus islandicus;NrdJ;NrdJp;838;94850.09999999998;27075.60305304451;-1.9999999999999951;-7.3867237456604146e-05;240.99999999999997
WP_089384261.1;Archaea;Halorubrum vacuolatum;NrdJ;NrdJuc;1878;207993.29999999996;48030.440714530538;-202.0;-0.0042056661774267125;420.0
WP_067052973.1;Archaea;Methanofollis ethanolicus;NrdD;NrdDa;1201;134310.19999999998;34902.78776184906;-34.00000000000002;-0.00097413422194212688;307.99999999999994
WP_062371408.1;Archaea;Thermococcus guaymasensis;NrdD;NrdDi;614;70908.39999999998;21895.247572325323;-9.999999999999996;-0.00045672011549390191;147.0
WP_058938070.1;Archaea;Thermococcus celericrescens;NrdJ;NrdJp;831;94788.79999999999;27062.828033298585;-9.000000000000002;-0.00033255947933180679;229.0
WP_050459626.1;Archaea;Haloferax gibbonsii;NrdJ;NrdJuc;1033;114230.79999999997;31011.466126952822;-119.0;-0.0038372903594059422;229.99999999999997
WP_020221292.1;Archaea;Halarchaeum acidiphilum;NrdA;NrdAz;836;94651.90000000001;27034.289793607441;-84.00000000000001;-0.0031071650352680153;165.99999999999997
WP_092634412.1;Archaea;Haloplanus vescus;NrdJ;NrdJuc;1030;114113.79999999999;30988.27574640578;-135.0;-0.0043564863403430304;220.0
WP_005575987.1;Archaea;Natronobacterium gregoryi;NrdJ;NrdJuc;1041;114994.59999999999;31162.700495873207;-137.0;-0.0043962813819085587;223.0
WP_048129657.1;Archaea;Methanosarcina lacustris;NrdD;NrdDa;794;90222.6;26104.822609719784;-7.999999999999997;-0.00030645678461807682;187.00000000000003
WP_058994801.1;Archaea;Haloarcula sp. CBA1127;NrdJ;NrdJuc;1032;113469.09999999999;30860.375412448353;-137.0;-0.00443934975414257;219.0
WP_048044555.1;Archaea;Methanosarcina mazei;NrdD;NrdDa;794;90152.4;26089.993638872624;-9.0;-0.00034495983880158964;187.0
WP_049911203.1;Archaea;Halorubrum lipolyticum;NrdA;NrdAz;872;95982.7;27311.239585883268;-94.0;-0.0034418064293422648;173.0
WP_048097988.1;Archaea;Candidatus Methanomethylophilus alvus;NrdJ;NrdJk;754;84145.79999999999;24809.284157140442;-4.00000000000001;-0.0001612299643417465;180.0
WP_048148179.1;Archaea;Methanolacinia paynteri;NrdD;NrdDa;733;83442.3;24657.697704579197;-19.000000000000004;-0.00077055044747634737;182.0
WP_069584683.1;Archaea;Methanobacterium;NrdD;NrdDa;761;86179.90000000002;25245.671051152844;-9.0;-0.00035649676262374555;190.0
WP_101294478.1;Archaea;Haloferacaceae archaeon SYSU A9-0;NrdJ;NrdJuc;1193;131649.49999999997;34396.683928382787;-134.0;-0.0038957243750298988;263.0
WP_004591542.1;Archaea;Haloarcula japonica;NrdJ;NrdJuc;1037;113975.79999999997;30960.914736500283;-137.0;-0.0044249338614820921;219.99999999999997
WP_066297221.1;Archaea;Haloterrigena mahii;NrdJ;NrdJuc;1036;114726.79999999999;31109.706371320433;-139.99999999999997;-0.0045002031947515859;222.00000000000003
WP_088882193.1;Archaea;Thermococcus sp. P6;NrdJ;NrdJp;1360;156257.6;38980.247173721473;-12.999999999999991;-0.00033350224645994393;360.0
WP_004036338.1;Archaea;Methanobrevibacter smithii;NrdD;NrdDa;776;88163.09999999999;25668.468165895196;-26.0;-0.0010129159181592807;189.00000000000003
WP_092702910.1;Archaea;Halovenus aranensis;NrdJ;NrdJuc;1034;114657.79999999999;31096.046762830982;-127.99999999999999;-0.0041162788625915634;221.0
WP_089732173.1;Archaea;Haloarchaeobius iranensis;NrdA;NrdAz;820;92555.09999999999;26595.784674666222;-66.99999999999999;-0.0025191962117147365;180.0
WP_008320105.1;Archaea;Haloferax mucosum;NrdA;NrdAz;825;92861.69999999998;26660.070241077043;-85.0;-0.0031882886740873823;183.0
WP_016939417.1;Archaea;Nitrosopumilus;NrdJ;NrdJp;883;99124.89999999998;27961.081531320735;-18.000000000000004;-0.00064375192282305747;231.0
WP_088538600.1;Archaea;Methanobrevibacter sp. 87.7;NrdD;NrdDa;772;87842.9;25600.380177982719;-17.0;-0.00066405263835185677;189.0
WP_008580562.1;Archaea;Halorubrum hochstenium;NrdA;NrdAi;564;64332.100000000006;20393.548081111636;-42.0;-0.002059474880631493;130.99999999999997
WP_097298028.1;Archaea;Candidatus Methanoperedens sp. BLZ2;NrdD;NrdDa;787;89523.5;25957.006037361436;-10.999999999999996;-0.00042377768777212031;183.99999999999997
WP_040682329.1;Archaea;Methanobrevibacter boviskoreani;NrdD;NrdDa;772;87784.70000000001;25587.997218588778;-16.000000000000004;-0.00062529317411276594;185.0
WP_081927111.1;Archaea;Halobellus rufus;NrdA;NrdAz;852;96772.79999999999;27475.174764015559;-69.0;-0.0025113580020014944;183.0
WP_006630752.1;Archaea;Halorubrum tebenquichense;NrdB;NrdBi;336;39455.700000000004;14272.520287019064;-48.0;-0.0033631060972221048;87.00000000000001
WP_048138592.1;Archaea;Methanosarcina;NrdD;NrdDa;794;90222.09999999999;26104.71700128707;-14.000000000000009;-0.0005363015427177299;184.0
WP_099211808.1;Archaea;Thermococcus sp. EXT12c;NrdD;NrdDi;614;70716.40000000001;21851.952829011392;-9.000000000000004;-0.00041186250356770396;147.0
WP_006883151.1;Archaea;Halosimplex carlsbadense;NrdB;NrdBz;331;38404.19999999999;13993.843640815689;-46.99999999999999;-0.0033586197764076493;81.0
WP_042684368.1;Archaea;Candidatus Nitrosotenuis chungbukensis;NrdJ;NrdJp;884;99947.40000000001;28130.259931393644;-10.999999999999986;-0.00039103797927312711;220.0
WP_048192218.1;Archaea;Methanobacterium sp. SMA-27;NrdD;NrdDa;773;87745.59999999999;25579.676837823314;-8.999999999999996;-0.00035184181790335104;193.0
WP_080459510.1;Archaea;Methanobrevibacter arboriphilus;NrdD;NrdDa;772;87114.20000000001;25445.177509443693;-22.000000000000004;-0.00086460391136335948;187.0
WP_074879650.1;Archaea;Halolamina pelagica;NrdB;NrdBi;336;39194.2;14203.404864263557;-44.000000000000014;-0.00309784874968298;91.00000000000001
WP_094582601.1;Archaea;Halorubrum ezzemoulense;NrdB;NrdBi;336;39010.799999999996;14154.857276475608;-48.00000000000001;-0.003391062097091765;90.0
WP_069592760.1;Archaea;Methanosphaera sp. WGK6;NrdD;NrdDa;770;87809.20000000001;25593.210246480336;-9.999999999999998;-0.00039072863090222268;187.99999999999997
WP_049907335.1;Archaea;Halovivax asiaticus;NrdJ;NrdJuc;1038;114713.99999999999;31107.172582573065;-130.00000000000003;-0.0041791004841381487;225.99999999999997
WP_094226818.1;Archaea;Methanolobus sp. YSF-03;NrdD;NrdDa;799;90170.9;26093.901860993006;-26.00000000000001;-0.00099640138674954673;191.0
WP_015789040.1;Archaea;Halorhabdus utahensis;NrdJ;NrdJuc;1039;115092.1;31181.986196434733;-142.0;-0.0045539113225646901;224.99999999999997
WP_013194240.1;Archaea;Methanohalobium evestigatum;NrdJ;NrdJp;695;78447.30000000002;23571.243260949312;0.0;0.0;177.99999999999997
WP_014866239.1;Archaea;Methanoculleus bourgensis;NrdD;NrdDa;1668;185454.4;44172.671224582118;-32.00000000000001;-0.00072442981402021231;416.0
WP_049933404.1;Archaea;Halorubrum ezzemoulense;NrdB;NrdBi;336;38996.700000000004;14151.122334968415;-48.00000000000001;-0.0033919571086873188;90.00000000000001
WP_015791477.1;Archaea;Methanocaldococcus fervens;NrdD;NrdDa;764;88048.40000000001;25644.085808669468;-0.9999999999999798;-3.8995346040446909e-05;198.00000000000003
WP_049902284.1;Archaea;Halococcus agarilyticus;NrdB;NrdBz;331;38401.7;13993.178635709794;-36.0;-0.0025726820858364557;82.0
WP_013329039.1;Archaea;Methanolacinia petrolearia;NrdJ;NrdJuc;722;79090.8;23712.235874445443;-10.000000000000009;-0.00042172320033206814;182.99999999999997
WP_005559738.1;Archaea;Natronococcus amylolyticus;NrdJ;NrdJuc;1040;115238.89999999998;31211.015219999397;-147.0;-0.0047098756308896136;226.0
WP_074174817.1;Archaea;Methanoculleus bourgensis;NrdD;NrdDa;1668;185420.3;44166.741909333497;-31.999999999999996;-0.00072452706757700918;415.0
WP_006054631.1;Archaea;Halogeometricum borinquense;NrdA;NrdAz;845;95449.9;27200.485023763194;-81.0;-0.0029778880754970311;176.00000000000003
WP_084779380.1;Archaea;Acidiplasma cupricumulans;NrdJ;NrdJp;1141;129343.3;33955.773153660506;-7.000000000000007;-0.00020615051138205028;299.00000000000006
WP_006885221.1;Archaea;Halosimplex carlsbadense;NrdJ;NrdJuc;1058;116479.20000000001;31455.881945897156;-136.0;-0.0043235157174710444;225.99999999999997
WP_008014026.1;Archaea;Haloterrigena limicola;NrdJ;NrdJuc;1039;115161.2;31195.651647613457;-144.0;-0.0046160279524411329;223.0
WP_008086435.1;Archaea;Aciduliprofundum boonei;NrdJ;NrdJp;768;87814.6;25594.359187562004;9.00000000000001;0.00035163998184309717;213.0
WP_088862740.1;Archaea;Thermococcus celer;NrdD;NrdDi;616;70616.2;21829.345783514731;-14.000000000000005;-0.00064133850546142541;143.0
WP_049972087.1;Archaea;Haladaptatus cibarius;NrdA;NrdAz;835;95409.00000000001;27191.976142465803;-68.00000000000001;-0.002500737704524688;174.0
WP_058740161.1;Archaea;Methanobrevibacter millerae;NrdD;NrdDa;772;87487.2;25524.664777117468;-25.99999999999999;-0.0010186225843525534;187.00000000000003
WP_094522872.1;Archaea;Halorubrum sp. Eb13;NrdA;NrdAi;562;63962.8;20308.020835533254;-37.99999999999999;-0.0018711818501540441;132.0
WP_010979278.1;Archaea;Sulfolobus tokodaii;NrdJ;NrdJp;831;94457.70000000001;26993.787642033072;-2.0000000000000013;-7.4091121502553562e-05;230.99999999999997
WP_049992523.1;Archaea;Halapricum salinum;NrdA;NrdAz;804;91357.00000000001;26344.022287401207;-72.0;-0.0027330678365859624;169.0
WP_007260930.1;Archaea;Natronolimnobius innermongolicus;NrdA;NrdAz;812;93173.40000000001;26725.366418801284;-62.99999999999999;-0.0023573109910919507;179.0
WP_048106255.1;Archaea;Candidatus Nitrosopelagicus brevis;NrdJ;NrdJp;884;99161.89999999998;27968.700109109566;-20.999999999999993;-0.00075083932818029576;226.00000000000003
WP_013878623.1;Archaea;Halopiger xanaduensis;NrdJ;NrdJuc;1041;115848.7;31331.493680082531;-144.99999999999997;-0.004627931291133325;224.00000000000003
WP_052884790.1;Archaea;Thermofilum uzonense;NrdD;NrdDg;637;72481.29999999999;22248.744594211228;-8.999999999999988;-0.00040451720598840642;174.0
WP_011869218.1;Archaea;Methanococcus maripaludis;NrdD;NrdDa;791;90119.9;26083.12731886125;-8.999999999999991;-0.00034505064864257684;207.0
WP_052370020.1;Archaea;Thaumarchaeota archaeon N4;NrdJ;NrdJp;1247;140600.19999999998;36088.620766473963;-10.000000000000018;-0.00027709565474139531;322.00000000000006
WP_004215105.1;Archaea;Natrialba magadii;NrdB;NrdBz;330;38176.299999999996;13933.173620543996;-45.0;-0.0032297020926839678;89.0
WP_069281767.1;Archaea;Sulfolobus sp. A20;NrdJ;NrdJp;838;94965.59999999999;27099.66738592313;1.1629586182948515e-14;4.2914128861188461e-19;242.99999999999997
WP_007043619.1;Archaea;Methanotorris formicicus;NrdD;NrdDa;765;87986.20000000001;25630.860055112225;-1.061650767297806e-14;-4.1420801526558742e-19;198.00000000000003
WP_004059903.1;Archaea;Haloferax mediterranei;NrdJ;NrdJuc;1033;114604.2;31085.434288843597;-120.99999999999999;-0.0038924982960082456;231.0
WP_012308791.1;Archaea;Candidatus Korarchaeum cryptofilum;NrdJ;NrdJp;876;100465.60000000002;28236.65441056863;-17.0;-0.0006020543281372991;236.0
WP_015232835.1;Archaea;Caldisphaera lagunensis;NrdJ;NrdJuc;998;113379.59999999999;30842.604253635505;-7.000000000000007;-0.00022695878540071393;270.00000000000006
WP_092919922.1;Archaea;Halorubrum sodomense;NrdJ;NrdJuc;1051;115621.0;31286.526967038782;-136.0;-0.0043469190473995325;221.0
WP_004047138.1;Archaea;Halorubrum saccharovorum;NrdJ;NrdJuc;1054;115843.4;31330.447295464084;-141.0;-0.0045004145223427276;218.99999999999997
WP_054583177.1;Archaea;Halolamina pelagica;NrdJ;NrdJuc;1048;115045.9;31172.84829152056;-141.0;-0.0045231670420811023;217.99999999999997
WP_090611766.1;Archaea;Natrinema salaciae;NrdJ;NrdJuc;1042;114938.7;31151.641369718323;-136.00000000000003;-0.004365741065965211;219.0
WP_088171716.1;Archaea;Pyrodictium delaneyi;NrdD;NrdDg;639;72684.49999999999;22294.260364449707;1.0000000000000056;4.4854594126594101e-05;152.0
WP_012939424.1;Archaea;Archaeoglobus profundus;NrdD;NrdDa;695;79595.09999999999;23822.512984308189;-4.9999999999999885;-0.00020988549794446421;193.0
WP_042691338.1;Archaea;Thermococcus nautili;NrdJ;NrdJp;1063;120693.79999999999;32282.753578655742;-12.000000000000021;-0.00037171550347347114;287.0
WP_092932273.1;Archaea;Haloterrigena hispanica;NrdJ;NrdJuc;1039;115256.29999999999;31214.455327765641;-145.0;-0.0046452836827500467;224.0
WP_015762722.1;Archaea;Halomicrobium mukohataei;NrdJ;NrdJuc;1053;116059.00000000003;31373.003008404321;-139.00000000000003;-0.0044305608858279891;224.0
WP_010916348.1;Archaea;Thermoplasma volcanium;NrdJ;NrdJp;767;86632.9;25342.475292577055;-9.000000000000012;-0.00035513500145884169;206.0
WP_050033922.1;Archaea;Halorubrum halophilum;NrdA;NrdAi;564;64264.90000000001;20377.994927469896;-44.00000000000001;-0.0021591918221889059;130.99999999999997
WP_090310203.1;Archaea;Natronorubrum texcoconense;NrdJ;NrdJuc;1038;114690.10000000002;31102.44131955038;-141.00000000000003;-0.0045334061899305056;223.99999999999997
WP_006109037.1;Archaea;Natrialba asiatica;NrdJ;NrdJuc;1045;115466.7;31256.041861603419;-144.0;-0.0046071092634700252;222.0
WP_076431648.1;Archaea;Haladaptatus litoreus;NrdA;NrdAz;835;95612.9;27234.385950742508;-75.0;-0.0027538715260791561;175.0
WP_097009855.1;Archaea;Natronoarchaeum philippinense;NrdJ;NrdJuc;1041;114987.9;31161.375060009246;-136.0;-0.004364377365828594;223.0
WP_048054929.1;Archaea;Acidianus hospitalis;NrdJ;NrdJp;838;95470.9;27204.853504521765;-4.000000000000013;-0.00014703258737765916;231.0
WP_008367136.1;Archaea;Halorubrum litoreum;NrdJ;NrdJuc;1053;115387.09999999999;31240.3109611935;-138.0;-0.0044173696020959156;223.00000000000003
WP_088853624.1;Archaea;Thermococcus pacificus;NrdJ;NrdJp;909;103557.50000000003;28868.424740323349;-8.000000000000004;-0.00027711938119109154;241.99999999999997
WP_053947286.1;Archaea;Halolamina sediminis;NrdA;NrdAz;814;91172.79999999999;26305.236640490137;-80.99999999999999;-0.003079234796744666;168.0
WP_014052659.1;Archaea;halophilic archaeon DL31;NrdB;NrdBz;331;38172.4;13932.134538904596;-46.0;-0.0033017194796352229;84.0
WP_006187361.1;Archaea;Natrinema pallidum;NrdA;NrdAz;811;93034.8;26696.339223437586;-63.0;-0.0023598741187964172;180.0
WP_042702412.1;Archaea;Methanobrevibacter arboriphilus;NrdD;NrdDa;772;87142.20000000001;25451.147567867731;-22.000000000000007;-0.00086440110181024512;187.0
WP_014026126.1;Archaea;Pyrolobus fumarii;NrdJ;NrdJuc;974;108762.1;29920.523380580966;-3.0000000000000173;-0.00010026562576599442;237.00000000000003
WP_095636807.1;Archaea;Halorubrum sp. WN019;NrdJ;NrdJuc;1048;115380.0;31238.907685811977;-140.0;-0.0044815907588082833;219.0
WP_067961027.1;Archaea;Nitrosopumilus sp. Nsub;NrdJ;NrdJp;882;99241.20000000001;27985.025989757127;-22.000000000000004;-0.00078613469960872226;222.0
WP_008441159.1;Archaea;Halorubrum californiense;NrdJ;NrdJuc;1052;115082.89999999997;31180.166606043385;-130.0;-0.004169317041904555;221.00000000000003
WP_008005803.1;Archaea;Halorubrum lipolyticum;NrdB;NrdBz;330;38457.2;14007.93900013239;-43.0;-0.0030696878391313384;85.0
WP_048123378.1;Archaea;Methanosarcina vacuolata;NrdD;NrdDa;794;90463.9;26155.770820174639;-13.0;-0.00049702224757118443;187.99999999999997
WP_015409029.1;Archaea;Natronomonas moolapensis;NrdJ;NrdJuc;1425;156734.2;39067.003610156469;-165.0;-0.0042235130609582765;311.0
WP_087715532.1;Archaea;Natronolimnobius baerhuensis;NrdJ;NrdJuc;1038;114649.00000000001;31094.304508276575;-141.00000000000003;-0.004534592499487137;225.99999999999997
WP_048178625.1;Archaea;Methanosarcina sp. MTP4;NrdJ;NrdJuc;566;62704.200000000004;20015.529809825854;-15.000000000000005;-0.00074941808398378408;146.99999999999997
WP_088857199.1;Archaea;Thermococcus profundus;NrdD;NrdDi;613;70752.5;21860.095563018327;-10.000000000000004;-0.00045745454182356994;142.0
WP_007977102.1;Archaea;Haladaptatus;NrdB;NrdBz;330;38114.3;13916.651490502492;-45.0;-0.0032335364603123485;86.0
WP_008454159.1;Archaea;Natrinema gari;NrdB;NrdBz;330;38343.9;13977.800456425975;-39.0;-0.0027901385573200566;88.0
WP_049979708.1;Archaea;Halolamina rubra;NrdA;NrdAz;811;91134.5;26297.169433737938;-86.0;-0.0032703139483014607;169.0
WP_012308928.1;Archaea;Candidatus Korarchaeum cryptofilum;NrdD;NrdDf;648;74081.79999999999;22606.32481926593;-6.999999999999995;-0.00030964785545478586;179.0
WP_008164649.1;Archaea;Natronorubrum sulfidifaciens;NrdJ;NrdJuc;1037;114739.20000000001;31112.160906383819;-143.99999999999997;-0.0046284152500141191;229.0
WP_004042360.1;Archaea;Haloferax volcanii;NrdJ;NrdJuc;1033;114365.90000000001;31038.23610270397;-119.99999999999999;-0.0038661990843463522;231.99999999999997
WP_100905114.1;Archaea;Methanobacterium;NrdD;NrdDa;768;87024.90000000001;25426.133825111043;-15.000000000000005;-0.00058994419297777353;184.0
WP_008453574.1;Archaea;Natrinema gari;NrdJ;NrdJuc;1040;114951.9;31154.252958004447;-131.0;-0.0042048833646111308;222.00000000000003
WP_009367158.1;Archaea;Halogranum salarium;NrdA;NrdAz;808;91735.7;26423.696126062954;-61.0;-0.0023085339654596157;175.0
WP_005538096.1;Archaea;Haloarcula argentinensis;NrdJ;NrdJuc;1037;114155.0;30996.442663655776;-137.00000000000003;-0.004419862030188273;221.00000000000003
WP_010884140.1;Archaea;Pyrococcus horikoshii;NrdD;NrdDi;611;70439.7;21789.50291320316;-3.000000000000001;-0.00013768097473128573;149.99999999999997
WP_081810212.1;Archaea;Candidatus Methanoperedens nitroreducens;NrdD;NrdDa;799;90711.89999999998;26208.095452469104;-3.000000000000003;-0.00011446844756196767;185.0
WP_053770548.1;Archaea;Halorubrum tropicale;NrdJ;NrdJuc;1051;115169.20000000001;31197.23361182653;-140.0;-0.0044875773840064954;220.99999999999997
WP_009375740.1;Archaea;Halogranum salarium;NrdJ;NrdJuc;1029;113818.99999999999;30929.815426682762;-116.0;-0.0037504265188704703;220.99999999999997
WP_053947032.1;Archaea;Halolamina sediminis;NrdJ;NrdJuc;1049;115338.9;31230.784041974523;-142.00000000000003;-0.0045467958732368181;219.0
WP_074879654.1;Archaea;Halolamina pelagica;NrdA;NrdAi;564;64300.90000000001;20386.327519862225;-45.0;-0.0022073617700960058;130.99999999999997
WP_092698277.1;Archaea;Halovenus aranensis;NrdB;NrdBz;330;38216.9;13943.989025355349;-44.0;-0.0031554815426196666;86.99999999999999
WP_081476840.1;Archaea;Methanocella conradii;NrdJ;NrdJp;692;76287.79999999999;23095.787006688373;1.000000000000009;4.3297939997039993e-05;171.0
WP_012717503.1;Archaea;Sulfolobus islandicus;NrdJ;NrdJp;838;94908.09999999998;27087.688295152835;-2.9999999999999925;-0.00011075142209668822;240.99999999999997
WP_012107273.1;Archaea;Methanoregula boonei;NrdD;NrdDa;729;82696.70000000001;24496.662593282239;-0.9999999999999988;-4.08218873159575e-05;169.0
WP_097009857.1;Archaea;Natronoarchaeum philippinense;NrdB;NrdBz;330;38218.0;13944.282010387611;-47.0;-0.0033705571907530242;82.0
WP_014405387.1;Archaea;Methanocella conradii;NrdD;NrdDa;789;89035.59999999998;25853.660583950506;-4.999999999999997;-0.00019339621109994414;195.0
WP_006651409.1;Archaea;Natrialba hulunbeirensis;NrdJ;NrdJuc;1044;115788.89999999998;31319.686552697927;-146.00000000000003;-0.0046616047626895345;221.0
WP_005045375.1;Archaea;Halococcus salifodinae;NrdJ;NrdJuc;1043;114094.40000000001;30984.429883469576;-125.99999999999999;-0.0040665586061734158;218.99999999999997
WP_049935308.1;Archaea;Haloplanus natans;NrdB;NrdBz;330;38339.399999999994;13976.602930821617;-41.0;-0.0029334739065660651;86.99999999999999
WP_014767997.1;Archaea;Desulfurococcus amylolyticus;NrdD;NrdDi;833;96003.7;27315.601506704275;-9.999999999999998;-0.00036609115115204848;208.99999999999997
WP_051401023.1;Archaea;Desulfurococcus amylolyticus;NrdD;NrdDi;833;96000.59999999998;27314.957620315734;-13.000000000000009;-0.00047592971516569906;212.0
WP_100183034.1;Archaea;Candidatus Nitrosotenuis sp. AQ6f;NrdJ;NrdJp;884;99654.49999999999;28070.057161636869;-12.000000000000007;-0.00042750180132872386;226.99999999999997
WP_042679086.1;Archaea;Thermococcus paralvinellae;NrdJ;NrdJp;1275;145500.9;37002.621694743102;-8.99999999999999;-0.00024322600907163838;350.99999999999994
WP_063720457.1;Archaea;Methanobrevibacter oralis;NrdD;NrdDa;772;87683.29999999999;25566.417487342918;-24.0;-0.0009387314437731294;186.99999999999997
WP_011822023.1;Archaea;Hyperthermus butylicus;NrdJ;NrdJuc;991;112915.30000000003;30750.351760972615;-5.00000000000001;-0.00016259976597555068;245.0
WP_049997966.1;Archaea;Halococcus sediminicola;NrdB;NrdBz;331;38318.700000000004;13971.093824145888;-40.0;-0.0028630542821829032;82.0
WP_015790071.1;Archaea;Halorhabdus utahensis;NrdA;NrdAz;815;92235.70000000001;26528.754121864979;-68.0;-0.002563256445727862;171.0
WP_049983030.1;Archaea;Halorubrum sp. BV1;NrdJ;NrdJuc;1427;157424.80000000005;39192.58862919754;-177.0;-0.0045161599728612781;309.0
WP_094533682.1;Archaea;Halorubrum halodurans;NrdJ;NrdJuc;1054;115495.09999999999;31261.653685147947;-135.0;-0.004318389595113996;225.00000000000003
WP_006168202.1;Archaea;Natrialba chahannaoensis;NrdJ;NrdJuc;1044;115706.0;31303.315754437186;-146.00000000000003;-0.004664042657503616;220.0
WP_066972086.1;Archaea;Methanobrevibacter filiformis;NrdD;NrdDa;757;85682.0;25139.113225835947;-22.000000000000007;-0.00087513031197099613;188.00000000000003
WP_088885659.1;Archaea;Thermococcus gorgonarius;NrdJ;NrdJp;909;103642.80000000002;28885.781359761375;-12.999999999999998;-0.00045004841094966285;244.0
WP_048044298.1;Archaea;Methanosarcina mazei;NrdD;NrdDa;794;90296.6;26120.450916014484;-9.000000000000007;-0.00034455760465000606;187.0
WP_012193580.1;Archaea;Methanococcus maripaludis;NrdD;NrdDa;791;90035.70000000001;26065.335157509682;-11.000000000000014;-0.0004220164418960408;206.0
WP_074877796.1;Archaea;Halolamina pelagica;NrdB;NrdBz;331;38286.40000000001;13962.495883147965;-46.99999999999999;-0.0033661603479308196;82.0
WP_048901254.1;Archaea;Methanothermobacter marburgensis;NrdD;NrdDa;770;87734.00000000001;25577.208194728904;-24.000000000000004;-0.00093833540460237016;188.99999999999997
WP_088882590.1;Archaea;Thermococcus sp. P6;NrdD;NrdDi;616;70732.1;21855.494266722821;-3.000000000000001;-0.00013726525528950408;147.0
WP_011991034.1;Archaea;Methanoregula boonei;NrdJ;NrdJuc;741;80788.4;24082.708260426127;-1.9999999999999982;-8.3047138152916766e-05;182.0
WP_088862366.1;Archaea;Thermococcus celer;NrdJ;NrdJp;1346;154076.09999999995;38582.22786730744;-13.00000000000001;-0.00033694269923213868;376.0
WP_011324462.1;Archaea;Natronomonas pharaonis;NrdB;NrdBi;336;39303.5;14232.308358343145;-40.0;-0.0028105068406947165;89.0
WP_014733643.1;Archaea;Pyrococcus sp. ST04;NrdJ;NrdJp;901;103315.00000000001;28819.060377066933;-9.000000000000004;-0.00031229331845814955;244.00000000000003
WP_075056131.1;Archaea;Nitrososphaera viennensis;NrdJ;NrdJp;913;102630.79999999999;28679.61261189662;-0.9999999999999929;-3.4867974457408879e-05;228.0
WP_006053889.1;Archaea;Halogeometricum borinquense;NrdJ;NrdJuc;1044;115557.4;31273.96282413333;-123.0;-0.0039329841469621495;226.0
WP_011821329.1;Archaea;Hyperthermus butylicus;NrdD;NrdDg;636;72723.29999999997;22302.947459147505;8.826273045769994e-15;3.9574469078300763e-19;165.0
WP_014123146.1;Archaea;Thermococcus sp. AM4;NrdJ;NrdJp;1361;155970.19999999995;38927.896657372941;-11.999999999999984;-0.00030826222401942141;363.00000000000006
WP_013906320.1;Archaea;Pyrococcus yayanosii;NrdJ;NrdJp;897;102651.6;28683.855581106036;-13.999999999999998;-0.0004880794341058443;241.99999999999997
WP_013036794.1;Archaea;Methanohalophilus mahii;NrdD;NrdDa;793;89419.0;25934.88399792675;-33.00000000000001;-0.0012724174899967954;183.0
WP_088865702.1;Archaea;Thermococcus barossii;NrdJ;NrdJp;1290;147363.8;37347.870319944821;-20.0;-0.0005355057685663922;341.0
WP_015313753.1;Archaea;Methanomethylovorans hollandica;NrdD;NrdDa;775;87316.5;25488.299543196543;-8.0;-0.00031386950653345557;189.00000000000003
WP_081442164.1;Archaea;Aciduliprofundum boonei;NrdJ;NrdJp;785;89640.8;25981.829458330245;-3.999999999999999;-0.00015395374703752922;211.0
WP_011973751.1;Archaea;Methanococcus aeolicus;NrdD;NrdDa;1225;141085.0;36179.417015047111;-15.999999999999988;-0.00044224040407686907;310.0
WP_087714712.1;Archaea;Natronolimnobius baerhuensis;NrdB;NrdBz;330;38485.3;14015.410072315653;-46.0;-0.0032821016126287194;83.99999999999999
WP_074876508.1;Archaea;Halolamina pelagica;NrdJ;NrdJuc;1048;115371.20000000003;31237.168382559154;-145.0;-0.0046419060211923295;222.0
WP_015054120.1;Archaea;Methanolobus psychrophilus;NrdD;NrdDa;802;90136.7;26086.676761589606;-19.99999999999999;-0.00076667488859478929;191.0
WP_015283962.1;Archaea;Aciduliprofundum sp. MAR08-339;NrdJ;NrdJp;774;88159.59999999999;25667.724279987669;-12.0;-0.00046751320331721145;204.00000000000003
WP_008584820.1;Archaea;Halorubrum hochstenium;NrdJ;NrdJuc;1051;115308.00000000001;31224.675970218814;-148.99999999999997;-0.0047718669728426272;223.0
WP_092565825.1;Archaea;Halorubrum sp. SD626R;NrdJ;NrdJuc;830;91311.2;26334.380490220814;-112.0;-0.0042529954346786645;172.0
WP_048072970.1;Archaea;Methanobacterium formicicum;NrdD;NrdDa;768;87067.2;25435.155175060136;-16.000000000000014;-0.00062905061478407849;182.0
WP_015285194.1;Archaea;Methanoregula formicica;NrdD;NrdDa;727;82693.2;24495.905739253674;-6.000000000000005;-0.00024493889157914476;176.0
WP_096207333.1;Archaea;Candidatus Methanoperedens nitroreducens;NrdJ;NrdJp;680;76144.59999999999;23064.131178462478;-2.000000000000002;-8.6714733996467322e-05;195.0
WP_004047582.1;Archaea;Halorubrum saccharovorum;NrdB;NrdBz;330;38458.49999999999;14008.284669433498;-43.0;-0.0030696120913238792;83.99999999999999
WP_048164368.1;Archaea;Thermoplasmatales archaeon BRNA1;NrdJ;NrdJk;755;84017.90000000001;24781.750470933825;-14.999999999999998;-0.00060528411895653992;177.0
WP_066412879.1;Archaea;Halorubrum aethiopicum;NrdA;NrdAz;865;95792.5;27271.721301204045;-92.0;-0.0033734577654230503;172.99999999999997
WP_014040884.1;Archaea;Haloarcula hispanica;NrdJ;NrdJuc;1033;113580.3;30882.45006134787;-137.0;-0.0044361765251089216;218.00000000000003
WP_084272876.1;Archaea;Picrophilus oshimae;NrdJ;NrdJp;773;88143.1;25664.217281870478;-10.000000000000005;-0.00038964757390298939;206.0
WP_008847538.1;Archaea;Halorubrum kocurii;NrdJ;NrdJuc;1424;157038.5;39122.358678627963;-169.0;-0.0043197804454546476;299.0
WP_092691736.1;Archaea;Halorientalis regularis;NrdJ;NrdJuc;1046;115715.09999999999;31305.112944891942;-138.99999999999997;-0.0044401692542904757;223.0
WP_048111835.1;Archaea;Candidatus Methanoplasma termitum;NrdJ;NrdJk;753;84295.8;24841.561030664321;-12.0;-0.00048306143020510062;178.0
WP_008454156.1;Archaea;Natrinema gari;NrdA;NrdAz;812;92688.6;26623.783000045976;-62.99999999999998;-0.0023663053443566296;177.0
WP_086216091.1;Archaea;Halorubrum sp. SD683;NrdJ;NrdJuc;1051;114769.4;31118.138587334932;-132.0;-0.0042418989692951598;221.99999999999997
WP_081472232.1;Archaea;Methanosaeta harundinacea;NrdD;NrdDa;1237;139405.09999999998;35864.433305225117;-23.999999999999993;-0.00066918665062256581;326.0
WP_015313916.1;Archaea;Methanomethylovorans hollandica;NrdD;NrdDa;774;87753.7;25581.400579461424;-3.999999999999993;-0.00015636360439199247;192.0
WP_006186221.1;Archaea;Natrinema pallidum;NrdJ;NrdJuc;1041;115156.90000000002;31194.801329588492;-139.0;-0.0044558706603512648;220.0
WP_023394699.1;Archaea;Candidatus Halobonum tyrrellensis;NrdA;NrdAz;810;90770.30000000002;26220.411437958541;-69.0;-0.0026315376539099867;168.00000000000003
WP_004055935.1;Archaea;Halococcus morrhuae;NrdJ;NrdJuc;1395;153967.8;38562.428807727156;-167.0;-0.0043306400857856878;313.0
WP_012819545.1;Archaea;Methanocaldococcus vulcanius;NrdD;NrdDa;764;87884.5;25609.229870469608;-2.000000000000002;-7.8096842822525983e-05;201.99999999999997
WP_082087353.1;Archaea;Methanococcoides methylutens;NrdD;NrdDa;767;86798.29999999999;25377.786509461639;-34.0;-0.0013397543551453444;174.0
WP_007345594.1;Archaea;Halorubrum;NrdA;NrdAi;562;64072.2;20333.370960112781;-34.0;-0.0016721280532724524;132.0
WP_049928448.1;Archaea;Halopiger goleimassiliensis;NrdJ;NrdJuc;1406;156443.2;39014.040789430743;-181.0;-0.0046393553791801677;311.0
WP_007995755.1;Archaea;Halorubrum arcis;NrdA;NrdAi;562;64086.299999999996;20336.637355992778;-34.0;-0.0016718594822157714;132.0
WP_008320104.1;Archaea;Haloferax mucosum;NrdB;NrdBz;330;38371.2;13985.064631918587;-38.0;-0.0027171844392675391;84.00000000000001
WP_006630215.1;Archaea;Halorubrum tebenquichense;NrdJ;NrdJuc;1053;115544.40000000001;31271.394451923155;-143.0;-0.0045728693109560285;223.00000000000003
WP_007314041.1;Archaea;Methanolinea tarda;NrdD;NrdDa;727;82481.59999999999;24450.132421807055;-6.9999999999999964;-0.00028629701791539998;175.0
WP_089385796.1;Archaea;Halorubrum vacuolatum;NrdA;NrdAi;562;63971.80000000001;20310.106753638807;-29.0;-0.0014278605401620694;132.0
WP_004599361.1;Archaea;Halorubrum;NrdB;NrdBi;342;39943.200000000004;14401.039232363082;-53.0;-0.0036802899530260619;88.99999999999999
WP_011020131.1;Archaea;Methanosarcina acetivorans;NrdD;NrdDa;794;90401.39999999998;26142.578061740041;-12.000000000000002;-0.00045902129360233748;187.0
WP_010479465.1;Archaea;Thermococcus zilligii;NrdD;NrdDi;612;71040.19999999998;21924.94928820472;-12.0;-0.00054732167642712918;142.99999999999997
WP_089766823.1;Archaea;Halobellus clavatus;NrdJ;NrdJuc;1052;116152.70000000001;31391.491113315733;-125.0;-0.0039819707687277443;232.99999999999997
WP_004957451.1;Archaea;Haloarcula sinaiiensis;NrdJ;NrdJuc;1034;113691.50000000001;30904.518875769161;-136.0;-0.004400650938676527;221.0
WP_052887150.1;Archaea;Thermofilum carboxyditrophus;NrdD;NrdDg;637;72408.6;22232.451797637776;-4.999999999999997;-0.00022489647320549924;166.00000000000003
WP_049924753.1;Archaea;Halopiger djelfimassiliensis;NrdJ;NrdJuc;1050;116309.30000000002;31422.381137299573;-141.99999999999997;-0.004519071911817673;221.99999999999997
WP_018154115.1;Archaea;Methanothermococcus thermolithotrophicus;NrdD;NrdDa;767;88082.9;25651.420548919115;-2.999999999999997;-0.00011695258725647494;195.99999999999997
WP_079977866.1;Archaea;Halanaeroarchaeum sulfurireducens;NrdJ;NrdJuc;1645;181752.99999999997;43527.33808734941;-177.0;-0.0040664099340235668;351.0
WP_008007764.1;Archaea;Halorubrum lipolyticum;NrdJ;NrdJuc;1050;115724.00000000001;31306.870599744492;-141.0;-0.0045038037114176069;219.0
WP_048188743.1;Archaea;Candidatus Nitrosotenuis cloacae;NrdJ;NrdJp;884;99450.99999999997;28028.201571602534;-11.000000000000004;-0.0003924618556741409;228.99999999999997
WP_004058783.1;Archaea;Haloferax mediterranei;NrdA;NrdAz;821;92380.29999999999;26559.108203345426;-80.0;-0.0030121493307491056;187.0
WP_050036847.1;Archaea;Haloarcula;NrdJ;NrdJuc;1033;113567.30000000002;30879.869693275439;-138.0;-0.0044689307749913075;218.00000000000003
WP_049972088.1;Archaea;Haladaptatus cibarius;NrdB;NrdBz;331;38526.00000000001;14026.228551699718;-44.0;-0.0031369801110697013;87.00000000000001
WP_007143835.1;Archaea;Halobiforma lacisalsi;NrdJ;NrdJuc;1044;115814.39999999998;31324.721565840344;-148.0;-0.0047247028098533596;223.99999999999997
WP_006630751.1;Archaea;Halorubrum tebenquichense;NrdA;NrdAi;562;63943.2;20303.477895202352;-33.0;-0.0016253373028173562;129.0
WP_068664778.1;Archaea;Thermococcus piezophilus;NrdJ;NrdJp;910;103930.8;28944.354373770828;-5.000000000000007;-0.00017274525924582281;246.00000000000003
WP_020221953.1;Archaea;Halarchaeum acidiphilum;NrdJ;NrdJuc;1054;115884.79999999999;31338.620597545039;-149.0;-0.0047545168599945386;225.00000000000003
WP_058983855.1;Archaea;Halobacterium sp. CBA1132;NrdJ;NrdJuc;1046;115691.1;31300.373019531547;-141.0;-0.0045047386467891451;219.00000000000003
WP_049991035.1;Archaea;Halopiger salifodinae;NrdJ;NrdJuc;1039;115324.10000000002;31227.858548180651;-145.0;-0.0046432898937428984;223.0
WP_006078978.1;Archaea;Halococcus saccharolyticus;NrdJ;NrdJuc;1042;114416.39999999998;31048.240451709727;-128.0;-0.0041226168741859076;220.0
WP_006883152.1;Archaea;Halosimplex carlsbadense;NrdA;NrdAz;837;93751.29999999999;26846.271466627284;-84.0;-0.0031289261193838693;178.0
WP_079234354.1;Archaea;Halolamina sp. CBA1230;NrdJ;NrdJuc;1049;115285.7;31220.267605038225;-142.0;-0.0045483274453766856;221.0
WP_089697519.1;Archaea;Halogranum gelatinilyticum;NrdJ;NrdJuc;1039;114707.4;31105.866067922489;-122.00000000000001;-0.0039220897991909922;229.0
WP_039400740.1;Archaea;haloarchaeon 3A1_DGR;NrdJ;NrdJuc;1054;115901.79999999999;31341.976556048798;-132.99999999999997;-0.0042435102892172845;221.99999999999997
WP_048810967.1;Archaea;Thermococcus gammatolerans;NrdD;NrdDi;614;70594.5;21824.448705877916;-7.999999999999995;-0.00036656137837953165;144.0
WP_053967640.1;Archaea;Haloarcula rubripromontorii;NrdJ;NrdJuc;1034;113874.5;30940.824476123569;-135.0;-0.0043631675071935097;222.00000000000003
WP_089808378.1;Archaea;Halogeometricum rufum;NrdJ;NrdJuc;1044;115256.39999999998;31214.475098094656;-127.0;-0.0040686252003562327;224.0
WP_089814716.1;Archaea;Halomicrobium zhouii;NrdJ;NrdJuc;1047;115514.9;31265.565933247155;-126.0;-0.0040299926209240375;224.00000000000003
WP_004032525.1;Archaea;Methanobrevibacter smithii;NrdD;NrdDa;776;88134.09999999999;25662.304299097188;-25.000000000000007;-0.00097419154993339853;189.00000000000003
WP_004075802.1;Archaea;Methanoplanus limicola;NrdD;NrdDa;1212;136817.0;35377.146147297928;-45.00000000000001;-0.0012720076348905001;316.0
WP_009760748.1;Archaea;Halobacterium sp. DL1;NrdJ;NrdJuc;1047;115198.99999999999;31203.12616744043;-133.99999999999997;-0.004294441501820582;218.0
WP_013898973.1;Archaea;Methanosalsum zhilinae;NrdD;NrdDa;799;90724.09999999999;26210.668489308511;-19.999999999999993;-0.00076304806984064954;187.0
WP_071907938.1;Archaea;Methanobacterium congolense;NrdD;NrdDa;767;86755.00000000001;25368.544156930289;-13.999999999999996;-0.00055186454190653332;182.0
WP_004040239.1;Archaea;Methanofollis liminatans;NrdJ;NrdJuc;1088;118893.99999999997;31930.616556244822;-8.000000000000002;-0.00025054323601638703;272.0
WP_058367529.1;Archaea;Haloparvum sedimenti;NrdB;NrdBz;330;38096.1;13911.800068508956;-48.0;-0.0034503083543195689;83.99999999999999
WP_013328068.1;Archaea;Methanolacinia petrolearia;NrdJ;NrdJuc;566;63065.4;20099.631363947083;-8.999999999999993;-0.00044776940616649252;138.99999999999997
WP_073307313.1;Archaea;Halobaculum gomorrense;NrdJ;NrdJuc;1049;115399.20000000001;31242.702404954674;-145.0;-0.0046410838000046032;227.0
WP_094533178.1;Archaea;Halorubrum halodurans;NrdA;NrdAz;863;95339.29999999997;27177.473407604899;-87.0;-0.003201180576839617;173.0
WP_069452947.1;Archaea;Haladaptatus sp. W1;NrdA;NrdAz;815;92658.8;26617.534131070573;-69.0;-0.0025922761913342112;167.99999999999997
WP_010903197.1;Archaea;Halobacterium salinarum;NrdJ;NrdJuc;1051;115301.69999999998;31223.430580965614;-137.0;-0.0043877305424445496;219.00000000000003
WP_096394336.1;Archaea;Halorubrum trapanicum;NrdB;NrdBi;346;40253.5;14482.622557312165;-51.99999999999999;-0.0035905099227864358;90.0
WP_042662453.1;Archaea;Haloferax sp. ATB1;NrdJ;NrdJuc;1033;114385.9;31042.19836374099;-119.00000000000001;-0.0038334913850366545;229.99999999999997
WP_096712746.1;Archaea;Methanohalophilus euhalobius;NrdD;NrdDa;793;89423.2;25935.773247975838;-35.0;-0.0013494874305600888;185.0
WP_008001720.1;Archaea;Halorubrum aidingense;NrdA;NrdAz;861;95378.50000000001;27185.630247629437;-79.0;-0.0029059469756780323;175.0
WP_048088013.1;Archaea;Metallosphaera yellowstonensis;NrdJ;NrdJp;817;92807.69999999998;26648.752092776474;-2.99999999999999;-0.00011257562791516916;229.0
WP_010480012.1;Archaea;Thermococcus zilligii;NrdJ;NrdJp;1288;146027.6;37100.354650382593;-30.999999999999986;-0.000835571527337955;339.0
WP_007260929.1;Archaea;Natronolimnobius innermongolicus;NrdB;NrdBz;330;38124.00000000001;13919.236882963623;-38.0;-0.0027300347224142652;88.0
WP_066141453.1;Archaea;Haladaptatus sp. R4;NrdJ;NrdJuc;1027;113499.09999999999;30866.331378448864;-113.0;-0.0036609468943529055;218.99999999999997
WP_014012765.1;Archaea;Thermococcus sp. 4557;NrdD;NrdDi;1323;151307.7;38074.92890949249;-14.000000000000036;-0.00036769602468015862;342.0
WP_081874476.1;Archaea;Methanocaldococcus bathoardescens;NrdD;NrdDa;1297;150037.69999999995;37841.369032812603;-2.0000000000000133;-5.2852210454272805e-05;356.00000000000006
WP_094226994.1;Archaea;Methanolobus sp. YSF-03;NrdJ;NrdJp;693;77311.1;23321.533387130126;1.9999999999999964;8.5757654387497802e-05;192.99999999999997
WP_048071498.1;Archaea;Marine Group I thaumarchaeote SCGC AAA799-P11;NrdJ;NrdJp;883;99240.79999999997;27984.943648632307;-16.999999999999986;-0.00060746950979945311;228.0
WP_048133110.1;Archaea;Methanosarcina sp. 1.H.T.1A.1;NrdD;NrdDa;794;90218.29999999996;26103.914372034193;-12.000000000000002;-0.00045970117082731147;185.00000000000003
WP_094520185.1;Archaea;Halorubrum ezzemoulense;NrdB;NrdBi;342;39971.3;14408.434245043118;-52.0;-0.0036089972800402914;88.99999999999999
WP_048152531.1;Archaea;Methanolacinia paynteri;NrdJ;NrdJuc;722;79202.8;23736.743680641099;-13.999999999999991;-0.0005898028890718455;183.00000000000003
WP_042691029.1;Archaea;Thermococcus nautili;NrdD;NrdDi;614;70593.2;21824.155319660695;-10.999999999999996;-0.00050402867093281918;145.0
WP_008418946.1;Archaea;Halalkalicoccus jeotgali;NrdA;NrdAz;797;90693.10000000002;26204.130261945658;-64.99999999999999;-0.0024805249916802137;166.0
WP_098726119.1;Archaea;Natrinema sp. CBA1119;NrdJ;NrdJuc;1044;115437.89999999998;31250.350617692871;-142.0;-0.0045439490179545218;228.0
WP_008001298.1;Archaea;Halorubrum aidingense;NrdJ;NrdJuc;1053;115974.4;31356.30697754713;-137.0;-0.004369136968141678;221.00000000000003
WP_014864035.1;Archaea;Natrinema;NrdB;NrdBz;330;38329.799999999996;13974.048082684676;-39.0;-0.0027908877777746539;88.0
WP_094557934.1;Archaea;Halorubrum sp. Ea1;NrdA;NrdAi;562;64003.0;20317.337323054457;-37.0;-0.0018211047742961583;133.0
WP_012955049.1;Archaea;Methanobrevibacter ruminantium;NrdD;NrdDa;780;88201.7;25676.671635976116;-30.999999999999996;-0.0012073215890086493;189.0
WP_008894958.1;Archaea;Haloterrigena salina;NrdJ;NrdJuc;1042;115498.70000000001;31262.365016452746;-147.0;-0.0047021394549848321;223.0
WP_048081586.1;Archaea;Methanobacterium;NrdD;NrdDa;770;86788.50000000001;25375.694815821451;-12.999999999999993;-0.00051230124315235085;185.99999999999997
WP_076430061.1;Archaea;Haladaptatus litoreus;NrdJ;NrdJuc;1026;113307.69999999998;30828.325014722646;-113.0;-0.0036654602527394766;218.0
WP_081955739.1;Archaea;Methanococcoides methylutens;NrdD;NrdDa;763;86350.00000000001;25282.036794226075;-29.999999999999996;-0.0011866132560510874;170.0
WP_062388207.1;Archaea;Thermococcus peptonophilus;NrdD;NrdDi;613;70379.29999999999;21775.862110970014;-4.999999999999993;-0.00022961203439477815;141.0
WP_096593281.1;Archaea;Halorubrum chaoviator;NrdJ;NrdJuc;1051;114838.30000000002;31131.774819650007;-135.0;-0.0043364055143682205;221.99999999999997
WP_007543048.1;Archaea;Haloferax larsenii;NrdJ;NrdJuc;1035;114662.39999999998;31096.957472433689;-120.00000000000001;-0.0038588984181611853;231.0
WP_086219815.1;Archaea;Halorubrum sp. SD612;NrdA;NrdAi;562;63859.6;20284.096640145613;-36.0;-0.0017747894145184653;130.99999999999997
WP_049967683.1;Archaea;Haloferax alexandrinus;NrdJ;NrdJuc;1033;114333.89999999998;31031.89609588026;-117.0;-0.0037703142482335365;229.99999999999997
WP_092816911.1;Archaea;Halopenitus malekzadehii;NrdJ;NrdJuc;1426;157135.30000000002;39139.961447130976;-172.0;-0.0043944856775684918;309.0
WP_049935309.1;Archaea;Haloplanus natans;NrdA;NrdAz;812;93201.39999999998;26731.229082723072;-58.99999999999999;-0.0022071562746859581;180.0
WP_101476990.1;Archaea;Nitrosotalea sp. SbT1;NrdJ;NrdJp;885;99479.50000000001;28034.064802508015;-5.999999999999991;-0.00021402533104878933;231.0
WP_012807515.1;Archaea;Halomicrobium mukohataei;NrdB;NrdBi;336;39065.700000000004;14169.396237564661;-48.0;-0.0033875825896340318;90.00000000000001
WP_095609378.1;Archaea;Methanosphaera cuniculi;NrdD;NrdDa;770;87699.29999999999;25569.823020673521;-14.0;-0.00054752041062939021;181.99999999999997
WP_006114430.1;Archaea;Halorubrum coriense;NrdJ;NrdJuc;1051;115015.59999999999;31166.854712001787;-140.0;-0.0044919515072558338;222.0
WP_049939838.1;Archaea;Natronomonas pharaonis;NrdJ;NrdJuc;1041;114664.69999999998;31097.4128235358;-127.0;-0.0040839410249550144;224.00000000000003
WP_092656465.1;Archaea;Halorientalis persicus;NrdJ;NrdJuc;1046;115567.99999999999;31276.05697758156;-136.0;-0.0043483742243302526;222.0
WP_066413646.1;Archaea;Halorubrum aethiopicum;NrdJ;NrdJuc;1061;116070.0;31375.173645673716;-139.00000000000003;-0.0044302543651154125;230.0
WP_048067593.1;Archaea;Methanospirillum hungatei;NrdD;NrdDa;715;81661.20000000001;24272.362662660867;-16.00000000000001;-0.00065918593185052563;174.0
WP_012066053.1;Archaea;Methanococcus vannielii;NrdD;NrdDa;768;87499.20000000001;25527.220487248334;-3.9999999999999964;-0.00015669547736300255;195.0
WP_009992362.1;Archaea;Sulfolobus solfataricus;NrdJ;NrdJp;838;94817.19999999998;27068.746916750501;-3.000000000000016;-0.00011082892049737168;240.0
WP_048053101.1;Archaea;Pyrococcus horikoshii;NrdJ;NrdJp;1284;147378.6;37350.608447763974;-13.00000000000002;-0.00034805323233705652;357.99999999999994
WP_004215103.1;Archaea;Natrialba magadii;NrdA;NrdAz;836;94558.70000000003;27014.854900703238;-79.99999999999999;-0.0029613336919280461;176.0
WP_011324463.1;Archaea;Natronomonas pharaonis;NrdA;NrdAi;564;64444.5;20419.552781882077;-41.00000000000001;-0.0020078794299735405;132.0
WP_099288928.1;Archaea;Halorubrum sp. C191;NrdB;NrdBi;336;38938.700000000004;14135.754909051688;-47.0;-0.0033249020163687209;90.00000000000001
WP_013737117.1;Archaea;Metallosphaera cuprina;NrdJ;NrdJp;820;93038.0;26697.009535609523;-4.999999999999993;-0.00018728689418681129;227.00000000000003
WP_048040511.1;Archaea;Methanosarcina mazei;NrdD;NrdDa;794;90175.40000000001;26094.852476880427;-9.000000000000007;-0.00034489560759057162;187.0
WP_049899437.1;Archaea;Natrinema sp. J7-1;NrdA;NrdAz;812;92673.50000000001;26620.616694644599;-61.99999999999998;-0.002329021927297155;177.0
WP_014788702.1;Archaea;Thermococcus cleftensis;NrdJ;NrdJp;906;103273.2;28810.548226381965;-8.999999999999982;-0.00031238558632350622;242.00000000000003
WP_082090679.1;Archaea;Methanosarcina sp. MTP4;NrdD;NrdDa;775;88026.2;25639.365652460474;-20.999999999999996;-0.00081905302512758299;177.0
WP_091689674.1;Archaea;Methanococcoides vulcani;NrdD;NrdDa;773;87289.9;25482.631059486779;-30.999999999999993;-0.0012165148852814076;173.0
WP_094582110.1;Archaea;Halorubrum sp. Ib24;NrdJ;NrdJuc;1421;156769.5;39073.426503243754;-179.0;-0.0045811185764611656;306.0
WP_082180450.1;Archaea;Acidiplasma sp. MBA-1;NrdJ;NrdJp;1141;129263.4;33940.459615273554;-7.999999999999976;-0.0002357068846645758;300.0
WP_048060711.1;Archaea;Methanothermus fervidus;NrdD;NrdDa;758;86638.3;25343.628424897284;1.0000000000000036;3.9457649206126112e-05;196.0
WP_004267051.1;Archaea;Natrialba magadii;NrdJ;NrdJuc;1416;157332.39999999997;39175.794401001694;-185.99999999999997;-0.0047478296954520495;311.0
WP_014737047.1;Archaea;Thermogladius calderae;NrdD;NrdDi;636;73788.9;22541.042916736842;-7.999999999999989;-0.00035490815706934074;156.0
WP_008418944.1;Archaea;Halalkalicoccus jeotgali;NrdB;NrdBz;330;38243.9;13951.179818396817;-46.99999999999999;-0.0033688907039978889;86.0
WP_010190721.1;Archaea;Candidatus Nitrosoarchaeum limnia;NrdJ;NrdJp;882;99446.4;28027.255183043424;-14.999999999999993;-0.00053519332885208965;225.0
WP_090379873.1;Archaea;Natronobacterium texcoconense;NrdJ;NrdJuc;1043;115944.4;31350.385609502653;-143.00000000000003;-0.0045613474035437421;222.99999999999997
WP_048188145.1;Archaea;Methanobacterium paludis;NrdD;NrdDa;767;86683.29999999999;25353.237106389846;-4.000000000000006;-0.00015777078024454224;184.0
WP_012711299.1;Archaea;Sulfolobus islandicus;NrdJ;NrdJp;838;94910.2;27088.125826850526;-1.9999999999999951;-7.3833088814787538e-05;242.0
WP_048161086.1;Archaea;Methanosarcina sp. 1.H.A.2.2;NrdD;NrdDa;794;90148.19999999998;26089.106336664317;-12.000000000000002;-0.00045996209472057715;185.00000000000003
WP_013867063.1;Archaea;Methanothermococcus okinawensis;NrdD;NrdDa;768;88033.20000000001;25640.854024695156;3.0;0.00011700078309055725;191.0
WP_096325232.1;Archaea;Thermococcus paralvinellae;NrdD;NrdDi;616;71232.2;21968.190733839921;-3.000000000000001;-0.00013656108672521603;151.0
WP_088181494.1;Archaea;Thermococcus sp. 5-4;NrdJ;NrdJp;909;103606.80000000002;28878.456645108607;-10.99999999999999;-0.00038090678235269036;241.99999999999997
WP_017343633.1;Archaea;Halorubrum sp. T3;NrdB;NrdBi;346;40272.5;14487.612463221038;-53.99999999999999;-0.0037273222304287225;89.0
WP_014788659.1;Archaea;Thermococcus cleftensis;NrdD;NrdDi;614;70866.7;21885.847188734886;-10.999999999999996;-0.00050260791392448044;146.0
WP_097299424.1;Archaea;Candidatus Methanoperedens sp. BLZ2;NrdJ;NrdJp;680;75657.0;22956.221388510348;-1.999999999999993;-8.7122351982587103e-05;196.99999999999997
WP_053770370.1;Archaea;Halorubrum tropicale;NrdA;NrdAi;562;64053.899999999994;20329.131305823012;-35.99999999999999;-0.0017708577635921052;131.99999999999997
WP_004975147.1;Archaea;Haloferax gibbonsii;NrdJ;NrdJuc;1033;114256.8;31016.618673751389;-118.0;-0.0038044121198762561;229.99999999999997
WP_094526469.1;Archaea;Halorubrum sp. Ea8;NrdJ;NrdJuc;1421;156664.5;39054.320433361958;-177.99999999999997;-0.0045577543796651073;306.0
WP_048083475.1;Archaea;Marine Group I;NrdJ;NrdJp;883;99264.79999999997;27989.883957529852;-18.000000000000004;-0.00064308948287574569;231.0
WP_088855577.1;Archaea;Thermococcus siculi;NrdJ;NrdJp;910;103803.30000000002;28918.429025545509;-12.999999999999991;-0.0004495403256005454;243.0
WP_076144172.1;Archaea;Haloterrigena saccharevitans;NrdJ;NrdJuc;1050;116136.1;31388.216032933877;-143.0;-0.0045558498721290242;221.0
WP_023394698.1;Archaea;Candidatus Halobonum tyrrellensis;NrdB;NrdBz;331;38119.299999999996;13917.984189211447;-39.0;-0.0028021299255556655;81.0
WP_076608240.1;Archaea;Natronorubrum thiooxidans;NrdJ;NrdJuc;1039;114927.1;31149.346270736445;-146.99999999999997;-0.004719200163057693;228.0
WP_055281758.1;Archaea;Thermococcus sp. EP1;NrdJ;NrdJp;897;102242.40000000001;28600.340609579682;-16.000000000000018;-0.00055943389690403967;243.0
WP_016731945.1;Archaea;Sulfolobus islandicus;NrdJ;NrdJp;838;94864.2;27078.541200602616;-1.9999999999999951;-7.3859222518068532e-05;241.00000000000003
WP_012807514.1;Archaea;Halomicrobium mukohataei;NrdA;NrdAi;564;64326.90000000001;20392.344719907898;-44.0;-0.0021576724307256967;133.0
WP_006169324.1;Archaea;Natrialba chahannaoensis;NrdB;NrdBz;330;38087.2;13909.427442020999;-43.0;-0.0030914284703118036;88.99999999999999
WP_007695597.1;Archaea;Halococcus hamelinensis;NrdJ;NrdJuc;1030;113159.40000000002;30798.865113388085;-113.99999999999999;-0.0037014350879586424;217.99999999999997
WP_074796216.1;Archaea;Haloferax larsenii;NrdJ;NrdJuc;1035;114695.4;31103.490534737753;-120.99999999999999;-0.0038902386169443535;231.0
WP_007345595.1;Archaea;Halorubrum terrestre;NrdB;NrdBi;342;39927.3;14396.854243516924;-51.0;-0.0035424405316158503;88.99999999999999
WP_007109080.1;Archaea;Natrinema altunense;NrdJ;NrdJuc;1055;116597.49999999999;31479.200497269772;-138.0;-0.0043838470424929915;224.0
WP_007995754.1;Archaea;Halorubrum arcis;NrdB;NrdBi;342;39888.100000000006;14386.534612387662;-52.0;-0.0036144910085035282;88.0
WP_081142950.1;Archaea;Ferroplasma acidiphilum;NrdJ;NrdJp;1136;127949.4;33688.251808456043;-3.0000000000000115;-8.905181595819661e-05;302.0
WP_011170171.1;Archaea;Methanococcus maripaludis;NrdD;NrdDa;770;87959.3;25625.139453755444;-11.000000000000004;-0.00042926595657562049;192.99999999999997
WP_068575731.1;Archaea;Thermococcus chitonophagus;NrdD;NrdDg;613;70894.5;21892.114277016484;-6.0000000000000036;-0.00027407128996668567;152.0
WP_048050708.1;Archaea;Methanosarcina soligelidi;NrdD;NrdDa;794;90254.5;26111.560101125073;-9.000000000000007;-0.00034467492425365359;187.0
WP_011977600.1;Archaea;Methanococcus maripaludis;NrdD;NrdDa;791;90129.6;26085.176721278873;-8.999999999999979;-0.00034502353946708235;207.0
WP_090506619.1;Archaea;Natronorubrum sediminis;NrdJ;NrdJuc;1039;114531.50000000001;31071.037989218654;-130.0;-0.0041839606402949503;225.99999999999997
WP_008312879.1;Archaea;Haloarcula amylolytica;NrdJ;NrdJuc;1033;113517.40000000001;30869.964308984418;-136.0;-0.0044055768461131149;219.00000000000003
WP_095642751.1;Archaea;Methanosarcina spelaei;NrdD;NrdDa;794;90487.89999999998;26160.836185411397;-14.999999999999996;-0.0005733761678598314;187.0
WP_011572078.1;Archaea;Haloquadratum walsbyi;NrdJ;NrdJuc;1909;211077.4;48549.304946693403;-205.00000000000003;-0.0042225115318352702;418.99999999999994
WP_048176672.1;Archaea;Methanothermobacter sp. CaT2;NrdD;NrdDa;770;87936.49999999999;25620.290395752654;-21.000000000000007;-0.00081966284049151132;187.00000000000003
WP_089695422.1;Archaea;Halogranum gelatinilyticum;NrdA;NrdAz;817;92829.29999999999;26653.279565408324;-75.0;-0.0028139126299991223;172.0
WP_013748018.1;Archaea;Pyrococcus sp. NA2;NrdD;NrdDg;614;70699.4;21848.117911844321;-14.999999999999998;-0.00068655799371478967;156.0
WP_004516980.1;Archaea;Haloarcula vallismortis;NrdJ;NrdJuc;1032;113561.4;30878.69857683983;-134.0;-0.0043395611271164446;221.0
WP_014127072.1;Archaea;Thermoproteus tenax;NrdD;NrdDi;606;69844.3;21654.898720450306;-3.0000000000000027;-0.00013853678277270736;148.0
WP_068322747.1;Archaea;Pyrococcus kukulkanii;NrdD;NrdDg;613;70943.50000000001;21903.158968517375;-2.999999999999998;-0.00013696654461176419;152.0
WP_006179749.1;Archaea;Natrinema pellirubrum;NrdJ;NrdJuc;1034;114660.79999999999;31096.640704995109;-138.0;-0.0044377783860696188;222.0
WP_011011558.1;Archaea;Pyrococcus furiosus;NrdJ;NrdJp;1740;200933.80000000002;46834.86122023713;-20.0;-0.00042703233187671094;486.0
WP_089866499.1;Archaea;Halogranum rubrum;NrdJ;NrdJuc;1029;113843.09999999998;30934.596110837389;-113.0;-0.0036528681219927888;220.99999999999997
WP_089882246.1;Archaea;Halogeometricum limi;NrdA;NrdAz;818;92364.99999999999;26555.897071616771;-68.0;-0.0025606365251610772;173.0
WP_014965931.1;Archaea;Nitrosopumilus;NrdJ;NrdJp;883;99156.6;27967.608846421652;-18.000000000000004;-0.00064360167860052987;226.00000000000003
WP_012036414.1;Archaea;Methanocella arvoryzae;NrdD;NrdDa;780;87765.8;25583.975471521808;-8.99999999999999;-0.00035178270124665046;191.0
WP_011013113.1;Archaea;Pyrococcus furiosus;NrdD;NrdDi;605;70163.6;21727.122359975601;-9.000000000000005;-0.00041422880816372002;153.00000000000003
WP_052833938.1;Archaea;Staphylothermus marinus;NrdD;NrdDi;627;73107.8;22388.967270172925;3.000000000000007;0.00013399456811912327;154.0
WP_094495643.1;Archaea;Halorubrum ezzemoulense;NrdA;NrdAi;564;64260.0;20376.860671629107;-43.0;-0.0021102367382758473;131.0
WP_067078246.1;Archaea;Methanoculleus horonobensis;NrdD;NrdDa;1209;135949.9;35213.333588153291;-23.999999999999993;-0.00068156001021369458;305.0
WP_055409757.1;Archaea;Pyrodictium delaneyi;NrdJ;NrdJuc;998;113200.90000000002;30807.110167979881;-3.000000000000003;-9.7380117240536445e-05;243.00000000000003
WP_048077726.1;Archaea;Halorubrum sp. AJ67;NrdA;NrdAi;562;63785.69999999999;20266.958462055511;-38.0;-0.0018749730045159413;131.99999999999997
WP_094553314.1;Archaea;Halorubrum ezzemoulense;NrdA;NrdAi;564;64188.0;20360.191361405487;-42.0;-0.0020628489808604969;131.0
WP_052353067.1;Archaea;Methermicoccus shengliensis;NrdD;NrdDa;725;82924.29999999999;24545.861183052253;-18.99999999999999;-0.00077406125042044083;174.0
WP_104837804.1;Archaea;Methanococcus maripaludis;NrdD;NrdDa;770;87909.20000000001;25614.483840235065;-11.000000000000004;-0.00042944453101652103;192.99999999999997
WP_075937961.1;Archaea;Natronomonas sp. CBA1134;NrdJ;NrdJuc;1046;115422.59999999999;31247.326988437711;-120.99999999999999;-0.003872331225156411;224.99999999999997
WP_015849415.1;Archaea;Thermococcus sibiricus;NrdJ;NrdJp;897;102409.90000000002;28634.537124375038;-8.000000000000004;-0.00027938289923289995;246.00000000000003
WP_059057363.1;Archaea;Halobacterium hubeiense;NrdJ;NrdJuc;1047;115805.29999999999;31322.924791581281;-145.0;-0.0046291973359707424;219.0
WP_050002505.1;Archaea;Thermococcus eurythermalis;NrdJ;NrdJp;1727;197640.69999999998;46273.282614873511;-17.999999999999993;-0.00038899336685948221;476.0
WP_089790002.1;Archaea;Halobiforma haloterrestris;NrdJ;NrdJuc;1413;156960.30000000002;39108.136120868985;-189.00000000000003;-0.0048327539675087038;312.99999999999994
WP_006666731.1;Archaea;Natrialba aegyptia;NrdJ;NrdJuc;1045;115357.7;31234.500063623524;-142.0;-0.0045462549331909026;220.00000000000003
WP_087035225.1;Archaea;Thermococcus litoralis;NrdJ;NrdJp;1716;197070.90000000002;46175.858058977021;-29.999999999999986;-0.00064969014677936673;478.0
WP_019266923.1;Archaea;Methanobrevibacter smithii;NrdD;NrdDa;776;88178.0;25671.634905252758;-28.000000000000004;-0.0010906979669717425;189.00000000000003
WP_100815110.1;Archaea;Methanobrevibacter smithii;NrdD;NrdDa;776;88121.0;25659.519752131884;-27.000000000000007;-0.0010522410497475017;189.00000000000003
WP_008440791.1;Archaea;Halorubrum californiense;NrdB;NrdBi;342;39930.200000000004;14397.617576915245;-51.0;-0.0035422527183783543;88.0
WP_014012801.1;Archaea;Thermococcus sp. 4557;NrdJ;NrdJp;910;103673.2;28891.96613940594;-13.999999999999988;-0.00048456376878087563;243.0
WP_049933406.1;Archaea;Halorubrum ezzemoulense;NrdA;NrdAi;564;64130.0;20346.759634290163;-41.0;-0.0020150628766903585;131.0
WP_058371377.1;Archaea;Pyrodictium occultum;NrdJ;NrdJuc;996;112301.2;30628.177777294746;-6.99999999999999;-0.00022854771351070137;231.0
WP_067090493.1;Archaea;Methanobrevibacter curvatus;NrdD;NrdDa;765;86495.2;25313.063857042336;-18.000000000000004;-0.00071109527087106171;195.99999999999997
WP_058367528.1;Archaea;Haloparvum sedimenti;NrdA;NrdAz;867;95483.4;27207.45366750985;-82.0;-0.0030138799831136501;172.0
WP_079978803.1;Archaea;Halanaeroarchaeum sulfurireducens;NrdJ;NrdJuc;1645;181809.09999999995;43537.14535769949;-177.0;-0.0040654939258367743;352.0
WP_008318211.1;Archaea;Haloferax mucosum;NrdJ;NrdJuc;1035;114696.29999999997;31103.668702054259;-116.99999999999999;-0.0037616141401439454;230.0
WP_049979685.1;Archaea;Halolamina rubra;NrdB;NrdBz;331;38472.700000000004;14012.060236392481;-50.0;-0.0035683546285462521;83.0
WP_096394337.1;Archaea;Halorubrum trapanicum;NrdA;NrdAi;562;63927.8;20299.908178321519;-33.0;-0.001625623116622815;132.0
WP_049966253.1;Archaea;Haloterrigena jeotgali;NrdJ;NrdJuc;1034;114628.0;31090.146709463726;-136.0;-0.0043743762701062491;222.0
WP_014122853.1;Archaea;Thermococcus sp. AM4;NrdD;NrdDi;1001;114886.5;31141.312931689437;-18.999999999999982;-0.00061012199587338401;253.0
WP_083755002.1;Archaea;Methanococcoides burtonii;NrdD;NrdDa;763;86444.5;25302.231626350342;-28.0;-0.001106621756273867;179.0
WP_074359672.1;Archaea;Methanothermobacter wolfeii;NrdD;NrdDa;770;87385.9;25503.086550505839;-26.000000000000004;-0.0010194844435205946;187.99999999999997
WP_067039960.1;Archaea;Methanobrevibacter sp. YE315;NrdD;NrdDa;772;87743.7;25579.272497144259;-27.000000000000004;-0.001055542138777182;186.99999999999997
WP_084795514.1;Archaea;Acidiplasma aeolicum;NrdJ;NrdJp;1141;129352.3;33957.497922814124;-7.000000000000007;-0.00020614004058576714;299.00000000000006
WP_004597337.1;Archaea;Halorubrum;NrdJ;NrdJuc;1053;115401.09999999999;31243.077914766851;-138.0;-0.0044169783904285291;223.00000000000003
WP_079234685.1;Archaea;Halolamina sp. CBA1230;NrdB;NrdBz;331;38346.600000000006;13978.518953574483;-48.99999999999999;-0.0035053785141858735;84.0
WP_066958676.1;Archaea;Methanoculleus thermophilus;NrdD;NrdDa;1191;133775.99999999997;34801.393964868621;-7.000000000000015;-0.00020114136827583369;299.0
WP_008575671.1;Archaea;Haloferax;NrdJ;NrdJuc;1033;114251.80000000002;31015.627823955219;-120.99999999999999;-0.0039012590906363814;231.99999999999997
WP_086908434.1;Archaea;Candidatus Nitrosomarinus catalina;NrdJ;NrdJp;883;99238.2;27984.40842913682;-24.0;-0.00085762041605323583;226.00000000000003
WP_088820152.1;Archaea;Candidatus Micrarchaeota archaeon Mia14;NrdJ;NrdJp;762;84867.89999999998;24964.522997879129;-6.0;-0.0002403410632163784;191.0
WP_062261925.1;Archaea;Methanoculleus sp. MAB1;NrdJ;NrdJuc;736;80621.69999999998;24046.422532160363;-18.999999999999993;-0.00079013832409327654;182.0
WP_094553474.1;Archaea;Halorubrum ezzemoulense;NrdJ;NrdJuc;1051;114858.3;31135.732673664716;-135.0;-0.0043358542872570958;221.99999999999997
WP_042699119.1;Archaea;Thermococcus sp. PK;NrdJ;NrdJp;1716;197033.1;46169.392316831494;-28.999999999999993;-0.00062812176086250466;477.0
WP_011954475.1;Archaea;Methanobrevibacter;NrdD;NrdDa;776;88135.09999999999;25662.51685534322;-26.00000000000001;-0.001013150820184908;189.00000000000003
WP_094527301.1;Archaea;Halorubrum sp. Ea8;NrdA;NrdAi;562;64031.0;20323.825485370635;-37.0;-0.0018205234062176484;134.0
WP_011752009.1;Archaea;Thermofilum pendens;NrdD;NrdDg;639;72093.4;22161.761160882892;-7.0000000000000036;-0.00031585937368350979;164.00000000000003
WP_055429899.1;Archaea;Thermococcus thioreducens;NrdJ;NrdJp;1291;147182.90000000002;37314.396254487379;-21.000000000000004;-0.00056278546909289929;344.0
WP_014864034.1;Archaea;Natrinema sp. J7-2;NrdA;NrdAz;812;92687.6;26623.573315253056;-61.99999999999998;-0.0023287632830443247;177.0
WP_084509956.1;Archaea;Haloplanus natans;NrdJ;NrdJuc;1503;165750.30000000002;40695.10799560797;-177.0;-0.0043494171343421125;323.0
WP_048203301.1;Archaea;Methanocaldococcus infernus;NrdD;NrdDa;761;88627.1;25767.015742601052;3.0000000000000036;0.00011642791815584805;201.00000000000003
WP_020221291.1;Archaea;Halarchaeum acidiphilum;NrdB;NrdBz;331;38409.10000000001;13995.147016919131;-46.99999999999999;-0.0033583069862131751;84.0
WP_066138845.1;Archaea;Haladaptatus sp. R4;NrdA;NrdAz;815;92698.7;26625.900782217184;-81.0;-0.0030421505984916013;174.0
WP_079235238.1;Archaea;Halolamina sp. CBA1230;NrdA;NrdAz;832;93147.70000000001;26719.984912148037;-88.00000000000001;-0.0032934150333292847;167.0
WP_050001987.1;Archaea;Thermococcus eurythermalis;NrdD;NrdDi;614;70690.5;21846.110120625133;-9.999999999999996;-0.00045774739506411694;146.0
WP_092891679.1;Archaea;Halopelagius inordinatus;NrdB;NrdBz;330;38272.59999999999;13958.821862374552;-48.0;-0.0034386856192629039;85.0
WP_007740256.1;Archaea;Halococcus thailandensis;NrdA;NrdAz;811;92001.10000000002;26479.480108911295;-73.00000000000001;-0.0027568517093140696;171.0
WP_008580560.1;Archaea;Halorubrum hochstenium;NrdB;NrdBi;336;39201.2;14205.256608885154;-45.0;-0.0031678414011791409;90.0
WP_049985236.1;Archaea;Halobellus rufus;NrdB;NrdBz;330;38547.3;14031.889081043335;-43.0;-0.0030644483969084193;85.0
WP_066138842.1;Archaea;Haladaptatus sp. R4;NrdB;NrdBz;330;38286.1;13962.416016933512;-44.00000000000001;-0.00315131707482696;86.0
WP_007187656.1;Archaea;Haloarcula;NrdJ;NrdJuc;1032;113404.3;30847.509074636804;-135.0;-0.0043763663274516591;221.0
WP_011250687.1;Archaea;Thermococcus kodakarensis;NrdJ;NrdJp;1746;200030.40000000002;46681.051703000718;-27.999999999999996;-0.00059981510652640506;469.0
WP_089732174.1;Archaea;Haloarchaeobius iranensis;NrdB;NrdBz;330;37915.9;13863.731825130048;-40.0;-0.0028852260347025853;87.00000000000001
WP_010903780.1;Archaea;Halobacterium salinarum;NrdA;NrdAz;804;91052.6;26279.9155980838;-65.0;-0.0024733717183147829;164.0
WP_097380067.1;Archaea;Natrinema ejinorense;NrdJ;NrdJuc;1040;115091.69999999998;31181.907084625651;-139.0;-0.0044577132380890982;221.00000000000003
WP_023394554.1;Archaea;Candidatus Halobonum tyrrellensis;NrdJ;NrdJuc;1055;115823.00000000001;31326.419581204904;-126.0;-0.0040221640929433561;220.00000000000003
WP_012718804.1;Archaea;Sulfolobus islandicus;NrdJ;NrdJp;838;94834.2;27072.289681343984;-1.9999999999999951;-7.3876278051879449e-05;241.00000000000003
WP_004047581.1;Archaea;Halorubrum saccharovorum;NrdA;NrdAz;870;95989.90000000001;27312.735130618163;-87.0;-0.0031853272689072848;174.0
WP_048123674.1;Archaea;Methanosarcina;NrdD;NrdDa;794;90394.09999999999;26141.036986964042;-14.000000000000004;-0.00053555641296791309;187.0
WP_015322940.1;Archaea;Natronococcus occultus;NrdJ;NrdJuc;1036;114580.4;31080.721603984774;-142.0;-0.004568748493335965;223.00000000000003
WP_004062527.1;Archaea;Haloferax;NrdJ;NrdJuc;1033;114310.80000000002;31027.319105695908;-123.0;-0.0039642483960987789;231.99999999999997
WP_048150995.1;Archaea;Palaeococcus ferrophilus;NrdJ;NrdJp;1288;147092.09999999998;37297.590270329281;-24.999999999999975;-0.00067028458993737732;343.0
WP_013266349.1;Archaea;Acidilobus saccharovorans;NrdJ;NrdJuc;977;109570.90000000001;30082.786850307886;-12.000000000000005;-0.00039889921301879616;232.00000000000003
WP_012997352.1;Archaea;Aciduliprofundum boonei;NrdJ;NrdJp;785;89535.8;25959.609416747513;-0.9999999999999998;-3.8521380809175906e-05;211.0
WP_099288927.1;Archaea;Halorubrum sp. C191;NrdA;NrdAi;564;64202.0;20363.433011392717;-42.0;-0.0020625205964290151;131.0
WP_064287674.1;Archaea;Haloarcula sp. K1;NrdJ;NrdJuc;1033;113569.30000000002;30880.266678169566;-138.0;-0.0044688733241270047;218.00000000000003
WP_049985715.1;Archaea;Halobellus rufus;NrdJ;NrdJuc;1051;115779.79999999997;31317.889671604073;-126.99999999999997;-0.0040551902229590793;226.99999999999997
WP_088171904.1;Archaea;Pyrodictium delaneyi;NrdJ;NrdJuc;998;113217.0;30810.308632075368;-3.000000000000003;-9.7370008065314351e-05;244.00000000000003
WP_008847293.1;Archaea;Halorubrum kocurii;NrdB;NrdBi;342;40023.5;14422.167875194464;-49.0;-0.0033975474716445358;88.99999999999999
WP_074369662.1;Archaea;Methanoculleus chikugoensis;NrdD;NrdDa;1210;136042.90000000002;35230.916627977247;-24.000000000000007;-0.00068121985736077477;302.0
WP_088902097.1;Archaea;Halorubrum lacusprofundi;NrdB;NrdBi;336;39064.5;14169.078505063329;-36.0;-0.0025407439155013065;86.99999999999999
WP_015911070.1;Archaea;Halorubrum lacusprofundi;NrdJ;NrdJuc;1056;116211.4;31403.071257662014;-140.0;-0.0044581626698643843;220.99999999999997
WP_099209599.1;Archaea;Thermococcus sp. EXT12c;NrdJ;NrdJp;1728;197798.89999999997;46300.318235823608;-18.000000000000007;-0.00038876622636414187;476.99999999999994
WP_050050952.1;Archaea;Halostagnicola sp. A56;NrdJ;NrdJuc;1040;114780.60000000002;31120.35536767371;-139.0;-0.0044665299723532833;229.0
WP_092919500.1;Archaea;Halorubrum sodomense;NrdB;NrdBi;342;39773.0;14356.218020105518;-53.0;-0.003691780100147187;88.99999999999999
WP_011033313.1;Archaea;Methanosarcina mazei;NrdD;NrdDa;794;90178.5;26095.507338151885;-9.0;-0.00034488695250779478;187.0
WP_080505145.1;Archaea;Halorubrum aethiopicum;NrdB;NrdBz;358;41567.1;14826.131563480289;-39.99999999999999;-0.0026979390968395254;86.0
WP_084448851.1;Archaea;Thermococcus chitonophagus;NrdJ;NrdJp;1926;221194.7;50237.277145547989;3.9999999999999916;7.9622149672068174e-05;550.0
